"","names","ourls","wons","ids","lons","lats","sDate"
"1","Ballina","/products/IDN60801/IDN60801.94596.shtml","94596","IDN60801","153.5585","-28.8353","1992"
"2","Cape Byron","/products/IDN60801/IDN60801.94599.shtml","94599","IDN60801","153.6358","-28.6399","1994"
"3","Casino","/products/IDN60801/IDN60801.94573.shtml","94573","IDN60801","153.0618","-28.8824","1994"
"4","Coolangatta","/products/IDN60801/IDN60801.94592.shtml","94592","IDN60801","153.5053","-28.1681","1982"
"5","Evans Head","/products/IDN60801/IDN60801.94598.shtml","94598","IDN60801","153.3964","-29.183","1998"
"6","Grafton AgRS","/products/IDN60801/IDN60801.95571.shtml","95571","IDN60801","152.9605","-29.6224","1917"
"7","Grafton Airport","/products/IDN60801/IDN60801.95570.shtml","95570","IDN60801","153.0297","-29.7583","1973"
"8","Lismore Airport","/products/IDN60801/IDN60801.94572.shtml","94572","IDN60801","153.2601","-28.8305","2002"
"9","Murwillumbah","/products/IDN60801/IDN60801.94582.shtml","94582","IDN60801","153.3809","-28.3395","1972"
"10","Yamba","/products/IDN60801/IDN60801.94589.shtml","94589","IDN60801","153.3632","-29.4335","1877"
"11","Coffs Harbour Airport","/products/IDN60801/IDN60801.95729.shtml","95729","IDN60801","153.1162","-30.3189","2013"
"12","Dorrigo","/products/IDN60801/IDN60801.94789.shtml","94789","IDN60801","152.7187","-30.3444","1996"
"13","Forster","/products/IDN60801/IDN60801.95778.shtml","95778","IDN60801","152.5089","-32.1756","1896"
"14","Kempsey Airport","/products/IDN60801/IDN60801.94785.shtml","94785","IDN60801","152.7717","-31.0711","2001"
"15","Mount Seaview","/products/IDN60801/IDN60801.94783.shtml","94783","IDN60801","152.2482","-31.3865","1949"
"16","Port Macquarie Airport","/products/IDN60801/IDN60801.94786.shtml","94786","IDN60801","152.8655","-31.4335","1995"
"17","Smoky Cape","/products/IDN60801/IDN60801.94790.shtml","94790","IDN60801","153.0871","-30.9225","1939"
"18","Taree Airport","/products/IDN60801/IDN60801.95784.shtml","95784","IDN60801","152.512","-31.8896","1997"
"19","Cessnock Airport","/products/IDN60801/IDN60801.95771.shtml","95771","IDN60801","151.3377","-32.7886","1968"
"20","Gosford","/products/IDN60801/IDN60801.94782.shtml","94782","IDN60801","151.3614","-33.4351","2013"
"21","Lake Macquarie - Cooranbong","/products/IDN60801/IDN60801.95767.shtml","95767","IDN60801","151.4636","-33.0887","2008"
"22","Lostock","/products/IDN60801/IDN60801.95772.shtml","95772","IDN60801","151.4595","-32.3322","1969"
"23","Maitland Airport","/products/IDN60801/IDN60801.94650.shtml","94650","IDN60801","0","0","0"
"24","Mangrove Mountain","/products/IDN60801/IDN60801.95774.shtml","95774","IDN60801","151.2107","-33.2894","1994"
"25","Merriwa","/products/IDN60801/IDN60801.95754.shtml","95754","IDN60801","150.1737","-32.1852","1969"
"26","Murrurundi","/products/IDN60801/IDN60801.94756.shtml","94756","IDN60801","150.8363","-31.7651","1870"
"27","Murrurundi Gap","/products/IDN60801/IDN60801.95747.shtml","95747","IDN60801","150.7937","-31.7416","2003"
"28","Nelson Bay","/products/IDN60801/IDN60801.95779.shtml","95779","IDN60801","152.1612","-32.7103","1881"
"29","Newcastle Nobbys","/products/IDN60801/IDN60801.94774.shtml","94774","IDN60801","151.7985","-32.9184","1862"
"30","Newcastle University","/products/IDN60801/IDN60801.94781.shtml","94781","IDN60801","151.7068","-32.8906","1998"
"31","Norah Head","/products/IDN60801/IDN60801.95770.shtml","95770","IDN60801","151.5766","-33.2814","1989"
"32","Scone Airport","/products/IDN60801/IDN60801.95758.shtml","95758","IDN60801","150.8264","-32.0335","1988"
"33","Singleton (Defence)","/products/IDN60801/IDN60801.99738.shtml","99738","IDN60801","0","0","0"
"34","Tocal","/products/IDN60801/IDN60801.94775.shtml","94775","IDN60801","151.5919","-32.6296","1967"
"35","Williamtown","/products/IDN60801/IDN60801.94776.shtml","94776","IDN60801","151.8359","-32.7932","1942"
"36","Armidale","/products/IDN60801/IDN60801.94773.shtml","94773","IDN60801","151.6716","-30.5243","1997"
"37","Armidale Airport","/products/IDN60801/IDN60801.95773.shtml","95773","IDN60801","151.6158","-30.5273","1993"
"38","Glen Innes Airport","/products/IDN60801/IDN60801.94588.shtml","94588","IDN60801","151.694","-29.678","1996"
"39","Guyra","/products/IDN60801/IDN60801.94772.shtml","94772","IDN60801","151.6794","-30.2122","1981"
"40","Inverell","/products/IDN60801/IDN60801.95541.shtml","95541","IDN60801","151.1121","-29.7796","1995"
"41","Inverell RS","/products/IDN60801/IDN60801.94541.shtml","94541","IDN60801","151.0819","-29.7752","1949"
"42","Applethorpe","/products/IDN60801/IDN60801.94553.shtml","94553","IDN60801","151.9533","-28.6217","1965"
"43","Tenterfield","/products/IDN60801/IDN60801.94556.shtml","94556","IDN60801","152.0172","-29.0479","1870"
"44","Badgerys Creek","/products/IDN60801/IDN60801.94752.shtml","94752","IDN60801","150.7281","-33.8969","1995"
"45","Bankstown","/products/IDN60801/IDN60801.94765.shtml","94765","IDN60801","150.9864","-33.9181","1968"
"46","Camden","/products/IDN60801/IDN60801.94755.shtml","94755","IDN60801","150.689","-34.039","1943"
"47","Campbelltown","/products/IDN60801/IDN60801.94757.shtml","94757","IDN60801","150.7735","-34.0615","2006"
"48","Canterbury","/products/IDN60801/IDN60801.94766.shtml","94766","IDN60801","151.1134","-33.9057","1995"
"49","Fort Denison","/products/IDN60801/IDN60801.94769.shtml","94769","IDN60801","151.2254","-33.8551","1989"
"50","Holsworthy","/products/IDN60801/IDN60801.95761.shtml","95761","IDN60801","150.9489","-33.9925","2012"
"51","Holsworthy (Defence)","/products/IDN60801/IDN60801.95684.shtml","95684","IDN60801","0","0","0"
"52","Horsley Park","/products/IDN60801/IDN60801.94760.shtml","94760","IDN60801","150.8567","-33.851","1997"
"53","Kurnell","/products/IDN60801/IDN60801.95756.shtml","95756","IDN60801","151.2111","-34.0039","2000"
"54","Little Bay","/products/IDN60801/IDN60801.94780.shtml","94780","IDN60801","151.2502","-33.9829","1925"
"55","Lucas Heights (ANSTO)","/products/IDN60801/IDN60801.95757.shtml","95757","IDN60801","150.9825","-34.0519","1999"
"56","North Head","/products/IDN60801/IDN60801.95768.shtml","95768","IDN60801","151.2986","-33.8152","1997"
"57","Parramatta","/products/IDN60801/IDN60801.94764.shtml","94764","IDN60801","151.0181","-33.7917","1965"
"58","Penrith","/products/IDN60801/IDN60801.94763.shtml","94763","IDN60801","150.6783","-33.7195","1995"
"59","Richmond","/products/IDN60801/IDN60801.95753.shtml","95753","IDN60801","150.7761","-33.6004","1993"
"60","Sydney Airport","/products/IDN60801/IDN60801.94767.shtml","94767","IDN60801","151.1731","-33.9465","1929"
"61","Sydney - Observatory Hill","/products/IDN60801/IDN60801.94768.shtml","94768","IDN60801","151.205","-33.8607","1858"
"62","Sydney Harbour","/products/IDN60801/IDN60801.95766.shtml","95766","IDN60801","151.2643","-33.8405","1996"
"63","Sydney Olympic Park","/products/IDN60801/IDN60801.95765.shtml","95765","IDN60801","151.0718","-33.8338","2011"
"64","Terrey Hills","/products/IDN60801/IDN60801.94759.shtml","94759","IDN60801","151.2253","-33.6908","2004"
"65","Wattamolla","/products/IDN60801/IDN60801.95752.shtml","95752","IDN60801","151.1185","-34.1407","2007"
"66","Albion Park","/products/IDN60801/IDN60801.95748.shtml","95748","IDN60801","150.79","-34.5638","1999"
"67","Bellambi","/products/IDN60801/IDN60801.94749.shtml","94749","IDN60801","150.9291","-34.3691","1988"
"68","High Range (Wanganderry)","/products/IDN60801/IDN60801.99742.shtml","99742","IDN60801","150.267","-34.3335","2014"
"69","Jervis Bay Airfield","/products/IDN60801/IDN60801.94751.shtml","94751","IDN60801","0","0","0"
"70","Kiama","/products/IDN60801/IDN60801.95749.shtml","95749","IDN60801","150.8609","-34.6532","2001"
"71","Moss Vale","/products/IDN60801/IDN60801.94746.shtml","94746","IDN60801","150.4217","-34.5253","2001"
"72","Nowra","/products/IDN60801/IDN60801.94750.shtml","94750","IDN60801","150.5353","-34.9469","2000"
"73","Point Perpendicular","/products/IDN60801/IDN60801.95940.shtml","95940","IDN60801","150.8049","-35.0936","2001"
"74","Port Kembla Harbour","/products/IDN60801/IDN60801.95745.shtml","95745","IDN60801","150.9118","-34.4734","1990"
"75","Bega","/products/IDN60801/IDN60801.95931.shtml","95931","IDN60801","149.8191","-36.6722","1992"
"76","Gabo Island","/products/IDN60801/IDN60801.94933.shtml","94933","IDN60801","149.9158","-37.5679","1859"
"77","Green Cape","/products/IDN60801/IDN60801.94934.shtml","94934","IDN60801","150.0504","-37.2622","1991"
"78","Merimbula","/products/IDN60801/IDN60801.95929.shtml","95929","IDN60801","149.8989","-36.9077","1998"
"79","Montague Island","/products/IDN60801/IDN60801.94939.shtml","94939","IDN60801","150.2275","-36.2519","1949"
"80","Moruya Airport","/products/IDN60801/IDN60801.95937.shtml","95937","IDN60801","150.1437","-35.9004","1999"
"81","Moruya Heads","/products/IDN60801/IDN60801.94937.shtml","94937","IDN60801","150.1532","-35.9093","1875"
"82","Narooma","/products/IDN60801/IDN60801.95935.shtml","95935","IDN60801","150.1358","-36.2144","1910"
"83","Ulladulla","/products/IDN60801/IDN60801.94938.shtml","94938","IDN60801","150.4828","-35.3635","1989"
"84","Bathurst","/products/IDN60801/IDN60801.94730.shtml","94730","IDN60801","149.5559","-33.4289","1908"
"85","Bathurst Airport","/products/IDN60801/IDN60801.94729.shtml","94729","IDN60801","149.654","-33.4119","1988"
"86","Gulgong","/products/IDN60801/IDN60801.94732.shtml","94732","IDN60801","149.5329","-32.3634","1881"
"87","Lithgow","/products/IDN60801/IDN60801.94741.shtml","94741","IDN60801","150.1303","-33.4769","1878"
"88","Marrangaroo (Defence)","/products/IDN60801/IDN60801.95686.shtml","95686","IDN60801","0","0","0"
"89","Mount Boyce","/products/IDN60801/IDN60801.94743.shtml","94743","IDN60801","150.2741","-33.6185","1989"
"90","Mudgee","/products/IDN60801/IDN60801.94727.shtml","94727","IDN60801","149.6149","-32.5628","1988"
"91","Nullo Mountain","/products/IDN60801/IDN60801.94754.shtml","94754","IDN60801","150.229","-32.7244","1988"
"92","Oberon","/products/IDN60801/IDN60801.95735.shtml","95735","IDN60801","149.8348","-33.6682","1888"
"93","Orange AgIn","/products/IDN60801/IDN60801.95725.shtml","95725","IDN60801","149.0828","-33.3211","1966"
"94","Orange Airport","/products/IDN60801/IDN60801.95726.shtml","95726","IDN60801","149.1263","-33.3768","1996"
"95","Springwood","/products/IDN60801/IDN60801.95744.shtml","95744","IDN60801","150.5848","-33.7065","1883"
"96","Braidwood","/products/IDN60801/IDN60801.94927.shtml","94927","IDN60801","149.7835","-35.4253","1985"
"97","Burrinjuck Dam","/products/IDN60801/IDN60801.94909.shtml","94909","IDN60801","148.5984","-34.9997","1908"
"98","Canberra","/products/IDN60801/IDN60801.94926.shtml","94926","IDN60801","149.2004","-35.3088","2008"
"99","Goulburn","/products/IDN60801/IDN60801.94716.shtml","94716","IDN60801","149.7034","-34.7495","1971"
"100","Goulburn Airport","/products/IDN60801/IDN60801.95716.shtml","95716","IDN60801","149.7311","-34.8085","1988"
"101","Mount Ginini","/products/IDN60801/IDN60801.95925.shtml","95925","IDN60801","148.7721","-35.5293","2004"
"102","Nerriga","/products/IDN60801/IDN60801.94943.shtml","94943","IDN60801","150.0826","-35.1103","2013"
"103","Taralga","/products/IDN60801/IDN60801.94735.shtml","94735","IDN60801","149.8197","-34.4048","1882"
"104","Tuggeranong","/products/IDN60801/IDN60801.94925.shtml","94925","IDN60801","149.0937","-35.4184","1996"
"105","Bombala","/products/IDN60801/IDN60801.94928.shtml","94928","IDN60801","149.2379","-36.9113","1885"
"106","Bombala AWS","/products/IDN60801/IDN60801.94929.shtml","94929","IDN60801","149.2336","-37.0016","1988"
"107","Cabramurra","/products/IDN60801/IDN60801.95916.shtml","95916","IDN60801","148.3779","-35.9371","1996"
"108","Cooma","/products/IDN60801/IDN60801.94923.shtml","94923","IDN60801","149.1243","-36.2318","1973"
"109","Cooma Airport","/products/IDN60801/IDN60801.94921.shtml","94921","IDN60801","148.9725","-36.2939","1967"
"110","Perisher Valley","/products/IDN60801/IDN60801.94915.shtml","94915","IDN60801","148.4055","-36.4069","2010"
"111","Thredbo Top Station","/products/IDN60801/IDN60801.95909.shtml","95909","IDN60801","148.2859","-36.4917","1966"
"112","Thredbo Village","/products/IDN60801/IDN60801.95908.shtml","95908","IDN60801","148.3038","-36.5031","1969"
"113","Barraba","/products/IDN60801/IDN60801.94761.shtml","94761","IDN60801","150.6096","-30.3781","1881"
"114","Gunnedah Airport","/products/IDN60801/IDN60801.95740.shtml","95740","IDN60801","150.2494","-30.9537","2001"
"115","Moree","/products/IDN60801/IDN60801.95527.shtml","95527","IDN60801","149.8471","-29.4898","1995"
"116","Mungindi","/products/IDN60801/IDN60801.94520.shtml","94520","IDN60801","148.9899","-28.9786","1887"
"117","Narrabri","/products/IDN60801/IDN60801.95734.shtml","95734","IDN60801","149.8302","-30.3154","2001"
"118","Pindari Dam","/products/IDN60801/IDN60801.94544.shtml","94544","IDN60801","151.2448","-29.3899","1971"
"119","Quirindi","/products/IDN60801/IDN60801.95746.shtml","95746","IDN60801","150.6792","-31.5086","1882"
"120","Tamworth Airport","/products/IDN60801/IDN60801.95762.shtml","95762","IDN60801","150.8362","-31.0742","1992"
"121","Walgett","/products/IDN60801/IDN60801.95715.shtml","95715","IDN60801","148.1223","-30.0372","1993"
"122","Woolbrook","/products/IDN60801/IDN60801.94792.shtml","94792","IDN60801","151.3451","-30.9672","1958"
"123","Brewon","/products/IDN60801/IDN60801.94793.shtml","94793","IDN60801","0","0","0"
"124","Condobolin Airport","/products/IDN60801/IDN60801.95708.shtml","95708","IDN60801","147.2133","-33.0682","1993"
"125","Coonabarabran","/products/IDN60801/IDN60801.94728.shtml","94728","IDN60801","149.2714","-31.2712","1879"
"126","Coonabarabran Airport","/products/IDN60801/IDN60801.95728.shtml","95728","IDN60801","149.2699","-31.333","2001"
"127","Coonamble","/products/IDN60801/IDN60801.95718.shtml","95718","IDN60801","148.3798","-30.9776","1997"
"128","Cowra","/products/IDN60801/IDN60801.95721.shtml","95721","IDN60801","148.6497","-33.8449","2004"
"129","Dubbo","/products/IDN60801/IDN60801.95719.shtml","95719","IDN60801","148.5753","-32.2206","1946"
"130","Dunedoo","/products/IDN60801/IDN60801.95727.shtml","95727","IDN60801","149.3956","-32.0165","1912"
"131","Forbes","/products/IDN60801/IDN60801.94715.shtml","94715","IDN60801","147.9205","-33.3627","1995"
"132","Girilambone","/products/IDN60801/IDN60801.94794.shtml","94794","IDN60801","0","0","0"
"133","Grenfell","/products/IDN60801/IDN60801.94725.shtml","94725","IDN60801","148.1523","-33.8934","1885"
"134","Lake Cargelligo","/products/IDN60801/IDN60801.95707.shtml","95707","IDN60801","146.3706","-33.2832","1881"
"135","Nyngan","/products/IDN60801/IDN60801.94708.shtml","94708","IDN60801","147.1961","-31.5495","1879"
"136","Parkes Airport","/products/IDN60801/IDN60801.95717.shtml","95717","IDN60801","148.2428","-33.1281","1941"
"137","Peak Hill","/products/IDN60801/IDN60801.94721.shtml","94721","IDN60801","148.1902","-32.7235","1890"
"138","Temora","/products/IDN60801/IDN60801.95722.shtml","95722","IDN60801","147.5117","-34.4277","2005"
"139","Trangie","/products/IDN60801/IDN60801.95710.shtml","95710","IDN60801","147.9489","-31.9861","1922"
"140","West Wyalong","/products/IDN60801/IDN60801.95709.shtml","95709","IDN60801","147.1962","-33.9382","1999"
"141","Cootamundra","/products/IDN60801/IDN60801.94714.shtml","94714","IDN60801","148.0364","-34.6299","1995"
"142","Gundagai","/products/IDN60801/IDN60801.94890.shtml","94890","IDN60801","148.0986","-35.064","1995"
"143","Khancoban","/products/IDN60801/IDN60801.94919.shtml","94919","IDN60801","148.1405","-36.2304","1996"
"144","Tumbarumba","/products/IDN60801/IDN60801.94918.shtml","94918","IDN60801","148.0122","-35.778","1885"
"145","Young","/products/IDN60801/IDN60801.94712.shtml","94712","IDN60801","148.2475","-34.2493","1988"
"146","Albury","/products/IDN60801/IDN60801.95896.shtml","95896","IDN60801","146.9509","-36.069","1993"
"147","Deniliquin","/products/IDN60801/IDN60801.95869.shtml","95869","IDN60801","144.9458","-35.5575","1997"
"148","Griffith","/products/IDN60801/IDN60801.95704.shtml","95704","IDN60801","146.0695","-34.2487","1960"
"149","Hay Airport","/products/IDN60801/IDN60801.94702.shtml","94702","IDN60801","144.8345","-34.5412","2007"
"150","Hillston","/products/IDN60801/IDN60801.94700.shtml","94700","IDN60801","145.5248","-33.4915","1881"
"151","Hume Reservoir","/products/IDN60801/IDN60801.94901.shtml","94901","IDN60801","147.0329","-36.1039","1922"
"152","Kapooka (Defence)","/products/IDN60801/IDN60801.94944.shtml","94944","IDN60801","0","0","0"
"153","Narrandera Airport","/products/IDN60801/IDN60801.95706.shtml","95706","IDN60801","146.514","-34.705","1967"
"154","Swan Hill","/products/IDN60801/IDN60801.94843.shtml","94843","IDN60801","143.5416","-35.3766","1996"
"155","Tocumwal","/products/IDN60801/IDN60801.94877.shtml","94877","IDN60801","145.6004","-35.817","1897"
"156","Wagga Wagga","/products/IDN60801/IDN60801.94910.shtml","94910","IDN60801","147.4575","-35.1583","1941"
"157","Yanco","/products/IDN60801/IDN60801.95705.shtml","95705","IDN60801","146.4326","-34.6222","1957"
"158","Yarrawonga","/products/IDN60801/IDN60801.94862.shtml","94862","IDN60801","146.0306","-36.0294","1993"
"159","Balranald","/products/IDN60801/IDN60801.94696.shtml","94696","IDN60801","143.561","-34.6398","1879"
"160","Broken Hill Airport","/products/IDN60801/IDN60801.94691.shtml","94691","IDN60801","141.4694","-32.0012","1947"
"161","Ivanhoe Airport","/products/IDN60801/IDN60801.95697.shtml","95697","IDN60801","144.3092","-32.8833","2000"
"162","Lake Victoria","/products/IDN60801/IDN60801.94692.shtml","94692","IDN60801","141.2676","-34.0438","1922"
"163","Menindee","/products/IDN60801/IDN60801.94694.shtml","94694","IDN60801","142.4173","-32.3937","1876"
"164","Mildura","/products/IDN60801/IDN60801.94693.shtml","94693","IDN60801","142.0867","-34.2358","1946"
"165","Mount Hope","/products/IDN60801/IDN60801.95682.shtml","95682","IDN60801","0","0","0"
"166","Mulurulu","/products/IDN60801/IDN60801.94797.shtml","94797","IDN60801","0","0","0"
"167","Pooncarie","/products/IDN60801/IDN60801.95692.shtml","95692","IDN60801","142.5696","-33.3856","1882"
"168","Borrona Downs","/products/IDN60801/IDN60801.94407.shtml","94407","IDN60801","0","0","0"
"169","Bourke","/products/IDN60801/IDN60801.94703.shtml","94703","IDN60801","145.9521","-30.0362","1998"
"170","Brewarrina","/products/IDN60801/IDN60801.95512.shtml","95512","IDN60801","146.8651","-29.9614","1872"
"171","Cobar","/products/IDN60801/IDN60801.94711.shtml","94711","IDN60801","145.8294","-31.484","1962"
"172","Cobar Airport","/products/IDN60801/IDN60801.94710.shtml","94710","IDN60801","145.7964","-31.5388","1993"
"173","Delta","/products/IDN60801/IDN60801.95681.shtml","95681","IDN60801","0","0","0"
"174","Fowlers Gap","/products/IDN60801/IDN60801.94686.shtml","94686","IDN60801","141.7008","-31.0863","2004"
"175","Lightning Ridge","/products/IDN60801/IDN60801.94498.shtml","94498","IDN60801","147.9722","-29.431","1997"
"176","Noona","/products/IDN60801/IDN60801.94798.shtml","94798","IDN60801","0","0","0"
"177","Smithville","/products/IDN60801/IDN60801.94796.shtml","94796","IDN60801","0","0","0"
"178","Tibooburra Airport","/products/IDN60801/IDN60801.95485.shtml","95485","IDN60801","142.0567","-29.4448","1997"
"179","Wanaaring","/products/IDN60801/IDN60801.94497.shtml","94497","IDN60801","144.1484","-29.7029","1884"
"180","White Cliffs AWS","/products/IDN60801/IDN60801.95699.shtml","95699","IDN60801","143.0743","-30.8522","2005"
"181","Wilcannia Airport","/products/IDN60801/IDN60801.95695.shtml","95695","IDN60801","143.385","-31.5194","2000"
"182","Lord Howe Island","/products/IDN60801/IDN60801.94995.shtml","94995","IDN60801","159.0786","-31.5421","1988"
"183","Lord Howe Island Windy Point","/products/IDN60801/IDN60801.95995.shtml","95995","IDN60801","159.0733","-31.5381","2003"
"184","Norfolk Island","/products/IDN60801/IDN60801.94996.shtml","94996","IDN60801","167.9408","-29.0389","1890"
"185","PORTABLE NPWS NSW02","/products/IDN60801/IDN60801.99999.shtml","99999","IDN60801","0","0","0"
"186","Tidbinbilla","/products/IDN60801/IDN60801.99762.shtml","99762","IDN60801","0","0","0"
"187","Mullion","/products/IDN60801/IDN60801.99763.shtml","99763","IDN60801","0","0","0"
"188","Kowen Forest","/products/IDN60801/IDN60801.99764.shtml","99764","IDN60801","0","0","0"
"189","Gudgenby","/products/IDN60801/IDN60801.99765.shtml","99765","IDN60801","0","0","0"
"190","PORTABLE RFSNSW02","/products/IDN60801/IDN60801.99072.shtml","99072","IDN60801","0","0","0"
"191","PORTABLE RFSNSW03","/products/IDN60801/IDN60801.99106.shtml","99106","IDN60801","0","0","0"
"192","PORTABLE RFSNSW05","/products/IDN60801/IDN60801.99108.shtml","99108","IDN60801","0","0","0"
"193","PORTABLE RFSNSW09","/products/IDN60801/IDN60801.99118.shtml","99118","IDN60801","0","0","0"
"194","PORTABLE RFSNSW10","/products/IDN60801/IDN60801.99752.shtml","99752","IDN60801","0","0","0"
"195","PORTABLE RFSNSW19","/products/IDN60801/IDN60801.99132.shtml","99132","IDN60801","0","0","0"
"196","Coconut Island","/products/IDQ60801/IDQ60801.94182.shtml","94182","IDQ60801","143.0686","-10.0511","1987"
"197","Coen Airport","/products/IDQ60801/IDQ60801.94183.shtml","94183","IDQ60801","143.1183","-13.7606","2002"
"198","Horn Island","/products/IDQ60801/IDQ60801.94174.shtml","94174","IDQ60801","142.29","-10.5844","1995"
"199","Lockhart River","/products/IDQ60801/IDQ60801.94186.shtml","94186","IDQ60801","143.3047","-12.785","1956"
"200","Palmerville","/products/IDQ60801/IDQ60801.94276.shtml","94276","IDQ60801","144.0754","-15.9999","1889"
"201","Thursday Island","/products/IDQ60801/IDQ60801.94181.shtml","94181","IDQ60801","0","0","0"
"202","Weipa","/products/IDQ60801/IDQ60801.94170.shtml","94170","IDQ60801","141.9208","-12.6778","1972"
"203","Burketown Airport","/products/IDQ60801/IDQ60801.94260.shtml","94260","IDQ60801","139.5356","-17.7483","2001"
"204","Kowanyama","/products/IDQ60801/IDQ60801.94268.shtml","94268","IDQ60801","141.7483","-15.4818","1912"
"205","Mornington Island Airport","/products/IDQ60801/IDQ60801.94254.shtml","94254","IDQ60801","139.1655","-16.662","2013"
"206","Normanton","/products/IDQ60801/IDQ60801.94266.shtml","94266","IDQ60801","141.0733","-17.6872","2001"
"207","Sweers Island","/products/IDQ60801/IDQ60801.94257.shtml","94257","IDQ60801","139.5981","-17.1142","1893"
"208","Century Mine","/products/IDQ60801/IDQ60801.94261.shtml","94261","IDQ60801","138.7056","-18.7569","2003"
"209","Charters Towers","/products/IDQ60801/IDQ60801.94356.shtml","94356","IDQ60801","146.2708","-20.0464","1942"
"210","Georgetown Airport","/products/IDQ60801/IDQ60801.94274.shtml","94274","IDQ60801","143.5306","-18.3039","2004"
"211","Hughenden","/products/IDQ60801/IDQ60801.94343.shtml","94343","IDQ60801","144.2333","-20.8192","2001"
"212","Richmond","/products/IDQ60801/IDQ60801.94341.shtml","94341","IDQ60801","143.1167","-20.7017","1998"
"213","Arlington Reef","/products/IDQ60801/IDQ60801.94284.shtml","94284","IDQ60801","146.1124","-16.7226","2010"
"214","Cairns","/products/IDQ60801/IDQ60801.94287.shtml","94287","IDQ60801","145.7458","-16.8736","1941"
"215","Cairns Racecourse","/products/IDQ60801/IDQ60801.94288.shtml","94288","IDQ60801","145.7474","-16.9463","2013"
"216","Cape Flattery","/products/IDQ60801/IDQ60801.94188.shtml","94188","IDQ60801","145.3106","-14.9672","2003"
"217","Cardwell","/products/IDQ60801/IDQ60801.94292.shtml","94292","IDQ60801","146.0192","-18.2544","1871"
"218","Cooktown","/products/IDQ60801/IDQ60801.95283.shtml","95283","IDQ60801","145.1861","-15.4461","2000"
"219","Cowley Beach (Defence)","/products/IDQ60801/IDQ60801.99218.shtml","99218","IDQ60801","0","0","0"
"220","Innisfail","/products/IDQ60801/IDQ60801.94291.shtml","94291","IDQ60801","146.0345","-17.5249","1881"
"221","Innisfail Aero","/products/IDQ60801/IDQ60801.94280.shtml","94280","IDQ60801","0","0","0"
"222","Low Isles","/products/IDQ60801/IDQ60801.94285.shtml","94285","IDQ60801","145.5592","-16.3842","1887"
"223","Lucinda","/products/IDQ60801/IDQ60801.94295.shtml","94295","IDQ60801","146.3861","-18.5203","1980"
"224","Mareeba","/products/IDQ60801/IDQ60801.95286.shtml","95286","IDQ60801","145.4283","-17.0672","2000"
"225","South Johnstone","/products/IDQ60801/IDQ60801.95292.shtml","95292","IDQ60801","145.9972","-17.6053","1920"
"226","Alva Beach","/products/IDQ60801/IDQ60801.95296.shtml","95296","IDQ60801","147.4833","-19.4569","1997"
"227","Ayr","/products/IDQ60801/IDQ60801.95295.shtml","95295","IDQ60801","147.3758","-19.6169","1951"
"228","Bowen Airport AWS","/products/IDQ60801/IDQ60801.94383.shtml","94383","IDQ60801","148.2138","-20.0154","2015"
"229","Cape Ferguson","/products/IDQ60801/IDQ60801.94297.shtml","94297","IDQ60801","147.0586","-19.2774","1991"
"230","Ingham","/products/IDQ60801/IDQ60801.95291.shtml","95291","IDQ60801","146.1769","-18.6494","1968"
"231","Mount Stuart (Defence)","/products/IDQ60801/IDQ60801.94272.shtml","94272","IDQ60801","0","0","0"
"232","Townsville","/products/IDQ60801/IDQ60801.94294.shtml","94294","IDQ60801","146.7661","-19.2483","1940"
"233","Townsville Air Weapons Range (Defence)","/products/IDQ60801/IDQ60801.94271.shtml","94271","IDQ60801","0","0","0"
"234","Townsville - Fanning River (Defence)","/products/IDQ60801/IDQ60801.94273.shtml","94273","IDQ60801","0","0","0"
"235","Woolshed","/products/IDQ60801/IDQ60801.95293.shtml","95293","IDQ60801","146.5364","-19.4167","1998"
"236","Collinsville","/products/IDQ60801/IDQ60801.94360.shtml","94360","IDQ60801","147.8464","-20.5533","1939"
"237","Hamilton Island","/products/IDQ60801/IDQ60801.94368.shtml","94368","IDQ60801","148.9536","-20.3658","2002"
"238","Hay Point","/products/IDQ60801/IDQ60801.99367.shtml","99367","IDQ60801","149.3008","-21.2894","2005"
"239","Mackay","/products/IDQ60801/IDQ60801.94367.shtml","94367","IDQ60801","149.2169","-21.1172","1959"
"240","Mackay Airport","/products/IDQ60801/IDQ60801.95367.shtml","95367","IDQ60801","149.1794","-21.1706","1950"
"241","Mackay Racecourse","/products/IDQ60801/IDQ60801.94352.shtml","94352","IDQ60801","0","0","0"
"242","Middle Percy Island","/products/IDQ60801/IDQ60801.94372.shtml","94372","IDQ60801","150.2711","-21.6628","1999"
"243","Proserpine","/products/IDQ60801/IDQ60801.94365.shtml","94365","IDQ60801","148.555","-20.4925","1978"
"244","Biloela","/products/IDQ60801/IDQ60801.94376.shtml","94376","IDQ60801","150.5709","-24.4935","1929"
"245","Gladstone","/products/IDQ60801/IDQ60801.94380.shtml","94380","IDQ60801","151.2628","-23.8553","1957"
"246","Gladstone Airport","/products/IDQ60801/IDQ60801.94381.shtml","94381","IDQ60801","151.2214","-23.8697","1993"
"247","Heron Island","/products/IDQ60801/IDQ60801.94386.shtml","94386","IDQ60801","151.9125","-23.4417","1956"
"248","Rockhampton","/products/IDQ60801/IDQ60801.94374.shtml","94374","IDQ60801","150.4775","-23.3753","1939"
"249","Rosslyn Bay Harbour","/products/IDQ60801/IDQ60801.95298.shtml","95298","IDQ60801","150.7901","-23.161","1992"
"250","St Lawrence","/products/IDQ60801/IDQ60801.95369.shtml","95369","IDQ60801","149.5242","-22.3472","2004"
"251","Williamson","/products/IDQ60801/IDQ60801.95370.shtml","95370","IDQ60801","150.1786","-22.4703","2005"
"252","Samuel Hill","/products/IDQ60801/IDQ60801.94370.shtml","94370","IDQ60801","150.6578","-22.7433","1997"
"253","Yeppoon","/products/IDQ60801/IDQ60801.94373.shtml","94373","IDQ60801","150.7506","-23.1364","1993"
"254","Blackwater Airport","/products/IDQ60801/IDQ60801.94398.shtml","94398","IDQ60801","148.8074","-23.6015","2013"
"255","Clermont Airport","/products/IDQ60801/IDQ60801.94395.shtml","94395","IDQ60801","147.6217","-22.7756","2010"
"256","Emerald","/products/IDQ60801/IDQ60801.94363.shtml","94363","IDQ60801","148.1756","-23.5694","1981"
"257","Lochington","/products/IDQ60801/IDQ60801.94399.shtml","94399","IDQ60801","147.525","-23.9424","2010"
"258","Moranbah Airport","/products/IDQ60801/IDQ60801.94397.shtml","94397","IDQ60801","148.0758","-22.0644","2012"
"259","Rolleston Airport","/products/IDQ60801/IDQ60801.94396.shtml","94396","IDQ60801","148.6264","-24.4617","2010"
"260","Springsure","/products/IDQ60801/IDQ60801.95362.shtml","95362","IDQ60801","148.0856","-24.123","1865"
"261","Taroom","/products/IDQ60801/IDQ60801.94525.shtml","94525","IDQ60801","149.7958","-25.6408","1870"
"262","Barcaldine","/products/IDQ60801/IDQ60801.94350.shtml","94350","IDQ60801","145.2883","-23.5544","1886"
"263","Blackall","/products/IDQ60801/IDQ60801.95351.shtml","95351","IDQ60801","145.4306","-24.4303","2001"
"264","Isisford","/products/IDQ60801/IDQ60801.94345.shtml","94345","IDQ60801","144.4406","-24.2591","1885"
"265","Longreach","/products/IDQ60801/IDQ60801.94346.shtml","94346","IDQ60801","144.2828","-23.4397","1949"
"266","Tambo","/products/IDQ60801/IDQ60801.94355.shtml","94355","IDQ60801","146.2564","-24.8819","1877"
"267","Winton","/products/IDQ60801/IDQ60801.94342.shtml","94342","IDQ60801","143.0836","-22.3617","2002"
"268","Camooweal","/products/IDQ60801/IDQ60801.94255.shtml","94255","IDQ60801","138.1214","-19.9225","1891"
"269","Carters Bore","/products/IDQ60801/IDQ60801.94347.shtml","94347","IDQ60801","139.2964","-20.9358","2014"
"270","Cloncurry","/products/IDQ60801/IDQ60801.94335.shtml","94335","IDQ60801","140.505","-20.6664","1978"
"271","Julia Creek","/products/IDQ60801/IDQ60801.94337.shtml","94337","IDQ60801","141.7214","-20.6672","2001"
"272","Lake Julius","/products/IDQ60801/IDQ60801.94348.shtml","94348","IDQ60801","139.7256","-20.1167","2013"
"273","Mount Isa","/products/IDQ60801/IDQ60801.94332.shtml","94332","IDQ60801","139.4875","-20.6778","1966"
"274","New May Downs","/products/IDQ60801/IDQ60801.94349.shtml","94349","IDQ60801","139.3411","-20.59","2013"
"275","The Monument","/products/IDQ60801/IDQ60801.94336.shtml","94336","IDQ60801","139.9267","-21.8125","2000"
"276","Trepell","/products/IDQ60801/IDQ60801.94338.shtml","94338","IDQ60801","140.8925","-21.84","2001"
"277","Urandangi","/products/IDQ60801/IDQ60801.94344.shtml","94344","IDQ60801","138.3665","-21.5979","2012"
"278","Ballera","/products/IDQ60801/IDQ60801.95487.shtml","95487","IDQ60801","141.8114","-27.4008","1998"
"279","Birdsville","/products/IDQ60801/IDQ60801.95482.shtml","95482","IDQ60801","139.3472","-25.8975","2000"
"280","Thargomindah","/products/IDQ60801/IDQ60801.95492.shtml","95492","IDQ60801","143.815","-27.9867","1999"
"281","Windorah","/products/IDQ60801/IDQ60801.94489.shtml","94489","IDQ60801","0","0","0"
"282","Bollon","/products/IDQ60801/IDQ60801.94513.shtml","94513","IDQ60801","147.4795","-28.0331","1885"
"283","Charleville","/products/IDQ60801/IDQ60801.94510.shtml","94510","IDQ60801","146.2558","-26.4139","1942"
"284","Cunnamulla","/products/IDQ60801/IDQ60801.94500.shtml","94500","IDQ60801","145.6822","-28.0689","1879"
"285","Injune","/products/IDQ60801/IDQ60801.94511.shtml","94511","IDQ60801","148.5669","-25.8428","1925"
"286","Mitchell","/products/IDQ60801/IDQ60801.94514.shtml","94514","IDQ60801","147.9777","-26.4888","1884"
"287","Roma","/products/IDQ60801/IDQ60801.94515.shtml","94515","IDQ60801","148.771","-26.5477","1985"
"288","St George","/products/IDQ60801/IDQ60801.94517.shtml","94517","IDQ60801","148.5942","-28.0489","1997"
"289","Surat","/products/IDQ60801/IDQ60801.94521.shtml","94521","IDQ60801","149.0702","-27.1591","1881"
"290","Applethorpe","/products/IDQ60801/IDQ60801.94553.shtml","94553","IDQ60801","151.9533","-28.6217","1965"
"291","Dalby","/products/IDQ60801/IDQ60801.94542.shtml","94542","IDQ60801","151.2634","-27.1605","1992"
"292","Miles","/products/IDQ60801/IDQ60801.95529.shtml","95529","IDQ60801","150.1819","-26.6569","1997"
"293","Oakey","/products/IDQ60801/IDQ60801.94552.shtml","94552","IDQ60801","151.7413","-27.4034","1970"
"294","Stanthorpe","/products/IDQ60801/IDQ60801.94550.shtml","94550","IDQ60801","151.9339","-28.6617","1873"
"295","Texas","/products/IDQ60801/IDQ60801.95533.shtml","95533","IDQ60801","151.1681","-28.8544","1897"
"296","Toowoomba","/products/IDQ60801/IDQ60801.95551.shtml","95551","IDQ60801","151.9134","-27.5425","1996"
"297","Warwick","/products/IDQ60801/IDQ60801.94555.shtml","94555","IDQ60801","152.1003","-28.2061","1994"
"298","Wellcamp Airport","/products/IDQ60801/IDQ60801.99435.shtml","99435","IDQ60801","0","0","0"
"299","Bundaberg","/products/IDQ60801/IDQ60801.94387.shtml","94387","IDQ60801","152.323","-24.9069","1942"
"300","Double Island Point","/products/IDQ60801/IDQ60801.94584.shtml","94584","IDQ60801","153.1906","-25.9319","1891"
"301","Gayndah","/products/IDQ60801/IDQ60801.95543.shtml","95543","IDQ60801","151.6156","-25.6167","2003"
"302","Gympie","/products/IDQ60801/IDQ60801.94566.shtml","94566","IDQ60801","152.6414","-26.1831","1870"
"303","Hervey Bay","/products/IDQ60801/IDQ60801.95565.shtml","95565","IDQ60801","152.8817","-25.322","1999"
"304","Kingaroy","/products/IDQ60801/IDQ60801.94549.shtml","94549","IDQ60801","151.8398","-26.5737","2001"
"305","Lady Elliot Island","/products/IDQ60801/IDQ60801.94388.shtml","94388","IDQ60801","152.7161","-24.1116","1939"
"306","Maryborough","/products/IDQ60801/IDQ60801.94567.shtml","94567","IDQ60801","152.7152","-25.5132","1870"
"307","Monto Township","/products/IDQ60801/IDQ60801.94377.shtml","94377","IDQ60801","151.1247","-24.8642","1930"
"308","Rainbow Beach","/products/IDQ60801/IDQ60801.94564.shtml","94564","IDQ60801","153.0891","-25.9007","1992"
"309","Sandy Cape","/products/IDQ60801/IDQ60801.94390.shtml","94390","IDQ60801","153.2083","-24.7297","1871"
"310","Seventeen Seventy","/products/IDQ60801/IDQ60801.94384.shtml","94384","IDQ60801","151.8889","-24.1568","1986"
"311","Tin Can Bay (Defence)","/products/IDQ60801/IDQ60801.94420.shtml","94420","IDQ60801","0","0","0"
"312","Amberley","/products/IDQ60801/IDQ60801.94568.shtml","94568","IDQ60801","152.7111","-27.6297","1941"
"313","Archerfield","/products/IDQ60801/IDQ60801.94575.shtml","94575","IDQ60801","153.0078","-27.5717","1929"
"314","Banana Bank","/products/IDQ60801/IDQ60801.94591.shtml","94591","IDQ60801","153.3333","-27.5327","2002"
"315","Beerburrum","/products/IDQ60801/IDQ60801.95566.shtml","95566","IDQ60801","152.9619","-26.9586","1898"
"316","Beaudesert AWS","/products/IDQ60801/IDQ60801.95575.shtml","95575","IDQ60801","152.9898","-27.9707","2007"
"317","Brisbane","/products/IDQ60801/IDQ60801.94576.shtml","94576","IDQ60801","153.0389","-27.4808","1999"
"318","Brisbane Airport","/products/IDQ60801/IDQ60801.94578.shtml","94578","IDQ60801","153.1292","-27.3917","1992"
"319","Canungra (Defence)","/products/IDQ60801/IDQ60801.94418.shtml","94418","IDQ60801","0","0","0"
"320","Cape Moreton","/products/IDQ60801/IDQ60801.94594.shtml","94594","IDQ60801","153.4661","-27.0314","1869"
"321","Coolangatta","/products/IDQ60801/IDQ60801.94592.shtml","94592","IDQ60801","153.5053","-28.1681","1982"
"322","Gatton","/products/IDQ60801/IDQ60801.94562.shtml","94562","IDQ60801","152.3375","-27.5436","1897"
"323","Gold Coast Seaway","/products/IDQ60801/IDQ60801.94580.shtml","94580","IDQ60801","153.4283","-27.939","1987"
"324","Greenbank (Defence)","/products/IDQ60801/IDQ60801.94419.shtml","94419","IDQ60801","0","0","0"
"325","Logan City","/products/IDQ60801/IDQ60801.95581.shtml","95581","IDQ60801","153.1947","-27.6839","1992"
"326","Nambour","/products/IDQ60801/IDQ60801.95572.shtml","95572","IDQ60801","152.9383","-26.6442","2007"
"327","Point Lookout","/products/IDQ60801/IDQ60801.94593.shtml","94593","IDQ60801","153.5456","-27.4361","1997"
"328","Rainbow Beach","/products/IDQ60801/IDQ60801.94564.shtml","94564","IDQ60801","153.0891","-25.9007","1992"
"329","Redcliffe","/products/IDQ60801/IDQ60801.95591.shtml","95591","IDQ60801","153.0922","-27.2169","2003"
"330","Redland (Alexandra Hills)","/products/IDQ60801/IDQ60801.94561.shtml","94561","IDQ60801","153.2394","-27.5433","2015"
"331","Spitfire Channel","/products/IDQ60801/IDQ60801.94581.shtml","94581","IDQ60801","153.2664","-27.0481","2002"
"332","Sunshine Coast Airport","/products/IDQ60801/IDQ60801.94569.shtml","94569","IDQ60801","153.0903","-26.6006","1994"
"333","Tewantin","/products/IDQ60801/IDQ60801.94570.shtml","94570","IDQ60801","153.0403","-26.3911","1995"
"334","Bougainville Reef","/products/IDQ60801/IDQ60801.95288.shtml","95288","IDQ60801","147.1183","-15.4877","1992"
"335","Cato Island","/products/IDQ60801/IDQ60801.94394.shtml","94394","IDQ60801","155.542","-23.2503","1966"
"336","Creal Reef","/products/IDQ60801/IDQ60801.94371.shtml","94371","IDQ60801","150.3773","-20.5303","1972"
"337","Flinders Reef","/products/IDQ60801/IDQ60801.94290.shtml","94290","IDQ60801","148.4478","-17.7195","1970"
"338","Frederick Reef","/products/IDQ60801/IDQ60801.94393.shtml","94393","IDQ60801","154.4019","-20.9375","1968"
"339","Gannett Cay","/products/IDQ60801/IDQ60801.94379.shtml","94379","IDQ60801","152.4707","-21.9769","1972"
"340","Holmes Reef","/products/IDQ60801/IDQ60801.94289.shtml","94289","IDQ60801","147.8734","-16.4683","1972"
"341","Marion Reef","/products/IDQ60801/IDQ60801.94298.shtml","94298","IDQ60801","152.3892","-19.0964","1971"
"342","Willis Island","/products/IDQ60801/IDQ60801.94299.shtml","94299","IDQ60801","149.9652","-16.2878","1921"
"343","PORTABLE QFRG NR","/products/IDQ60801/IDQ60801.99115.shtml","99115","IDQ60801","0","0","0"
"344","PORTABLE QFRI (Inglewood)","/products/IDQ60801/IDQ60801.99122.shtml","99122","IDQ60801","0","0","0"
"345","PORTABLE QFRJ (North Tamborine)","/products/IDQ60801/IDQ60801.99123.shtml","99123","IDQ60801","0","0","0"
"346","PORTABLE QFRK (Ravenshoe)","/products/IDQ60801/IDQ60801.99124.shtml","99124","IDQ60801","0","0","0"
"347","PORTABLE QFRL (Mt Fox)","/products/IDQ60801/IDQ60801.99125.shtml","99125","IDQ60801","0","0","0"
"348","King Island Airport","/products/IDT60801/IDT60801.94850.shtml","94850","IDT60801","143.8829","-39.8801","1962"
"349","Burnie Port","/products/IDT60801/IDT60801.95963.shtml","95963","IDT60801","145.9149","-41.05","1992"
"350","Cape Grim","/products/IDT60801/IDT60801.95954.shtml","95954","IDT60801","144.6922","-40.6764","2010"
"351","Devonport Airport","/products/IDT60801/IDT60801.95960.shtml","95960","IDT60801","146.4289","-41.1701","1962"
"352","Luncheon Hill","/products/IDT60801/IDT60801.95956.shtml","95956","IDT60801","145.1517","-41.1492","1989"
"353","Marrawah","/products/IDT60801/IDT60801.94950.shtml","94950","IDT60801","144.7094","-40.9089","1971"
"354","Sheffield","/products/IDT60801/IDT60801.94955.shtml","94955","IDT60801","146.3219","-41.3886","1996"
"355","Smithton","/products/IDT60801/IDT60801.94953.shtml","94953","IDT60801","145.0847","-40.8347","1996"
"356","Wynyard","/products/IDT60801/IDT60801.95957.shtml","95957","IDT60801","145.7311","-40.9964","1947"
"357","Cressy","/products/IDT60801/IDT60801.95969.shtml","95969","IDT60801","147.0794","-41.7256","1999"
"358","Launceston","/products/IDT60801/IDT60801.94969.shtml","94969","IDT60801","147.1219","-41.4194","1980"
"359","Launceston Airport","/products/IDT60801/IDT60801.95966.shtml","95966","IDT60801","147.2144","-41.5492","2004"
"360","Low Head","/products/IDT60801/IDT60801.95964.shtml","95964","IDT60801","146.7874","-41.0547","1997"
"361","Flinders Island Airport","/products/IDT60801/IDT60801.94980.shtml","94980","IDT60801","148.0024","-40.0911","1942"
"362","Hogan Island","/products/IDT60801/IDT60801.94949.shtml","94949","IDT60801","146.9841","-39.2225","1988"
"363","Larapuna (Eddystone Point)","/products/IDT60801/IDT60801.94983.shtml","94983","IDT60801","148.3467","-40.9928","1908"
"364","Scottsdale","/products/IDT60801/IDT60801.94972.shtml","94972","IDT60801","147.4883","-41.1708","1971"
"365","Swan Island","/products/IDT60801/IDT60801.95985.shtml","95985","IDT60801","148.125","-40.7292","2001"
"366","Ross","/products/IDT60801/IDT60801.94985.shtml","94985","IDT60801","147.4953","-42.025","1993"
"367","Melton Mowbray","/products/IDT60801/IDT60801.94971.shtml","94971","IDT60801","147.1981","-42.4928","1996"
"368","Tunnack","/products/IDT60801/IDT60801.94960.shtml","94960","IDT60801","147.4612","-42.4543","1997"
"369","Cape Sorell","/products/IDT60801/IDT60801.94974.shtml","94974","IDT60801","145.17","-42.1986","1899"
"370","Low Rocky Point","/products/IDT60801/IDT60801.95961.shtml","95961","IDT60801","145.5025","-42.9831","1992"
"371","Maatsuyker Island","/products/IDT60801/IDT60801.94962.shtml","94962","IDT60801","146.2711","-43.6578","1891"
"372","Maydena","/products/IDT60801/IDT60801.94963.shtml","94963","IDT60801","146.6239","-42.7567","1992"
"373","Mount Read","/products/IDT60801/IDT60801.95952.shtml","95952","IDT60801","145.5417","-41.8444","1996"
"374","Scotts Peak","/products/IDT60801/IDT60801.95958.shtml","95958","IDT60801","146.2722","-43.0425","1992"
"375","Strahan","/products/IDT60801/IDT60801.94956.shtml","94956","IDT60801","145.2908","-42.155","1976"
"376","Warra","/products/IDT60801/IDT60801.95962.shtml","95962","IDT60801","146.704","-43.0609","2004"
"377","Butlers Gorge","/products/IDT60801/IDT60801.94959.shtml","94959","IDT60801","146.2758","-42.2753","1941"
"378","Lake St Clair","/products/IDT60801/IDT60801.94976.shtml","94976","IDT60801","146.1772","-42.1178","1989"
"379","Liawenee","/products/IDT60801/IDT60801.95959.shtml","95959","IDT60801","146.6694","-41.8997","2001"
"380","Bushy Park","/products/IDT60801/IDT60801.94964.shtml","94964","IDT60801","146.8983","-42.7097","1874"
"381","Ouse","/products/IDT60801/IDT60801.94957.shtml","94957","IDT60801","146.7106","-42.4842","1973"
"382","Fingal","/products/IDT60801/IDT60801.95974.shtml","95974","IDT60801","147.9664","-41.6428","1882"
"383","Friendly Beaches","/products/IDT60801/IDT60801.94987.shtml","94987","IDT60801","148.2794","-41.9953","1997"
"384","Lake Leake","/products/IDT60801/IDT60801.94979.shtml","94979","IDT60801","147.7975","-42.0067","1890"
"385","Maria Island","/products/IDT60801/IDT60801.95988.shtml","95988","IDT60801","148.0179","-42.6621","2004"
"386","Orford","/products/IDT60801/IDT60801.95984.shtml","95984","IDT60801","147.8753","-42.5519","1951"
"387","Spring Bay","/products/IDT60801/IDT60801.95987.shtml","95987","IDT60801","147.9308","-42.5464","1991"
"388","St Helens","/products/IDT60801/IDT60801.95981.shtml","95981","IDT60801","148.2792","-41.3381","2001"
"389","Swansea","/products/IDT60801/IDT60801.94981.shtml","94981","IDT60801","148.0736","-42.1381","2011"
"390","Cape Bruny","/products/IDT60801/IDT60801.94967.shtml","94967","IDT60801","147.1453","-43.4892","1871"
"391","Cape Bruny AWS","/products/IDT60801/IDT60801.95967.shtml","95967","IDT60801","147.1444","-43.4886","1997"
"392","Campania","/products/IDT60801/IDT60801.95972.shtml","95972","IDT60801","147.4258","-42.6867","2000"
"393","Dennes Point","/products/IDT60801/IDT60801.94988.shtml","94988","IDT60801","147.3567","-43.0639","2012"
"394","Dover","/products/IDT60801/IDT60801.94961.shtml","94961","IDT60801","146.998","-43.333","1901"
"395","Dunalley","/products/IDT60801/IDT60801.94951.shtml","94951","IDT60801","147.7894","-42.9017","2012"
"396","Grove","/products/IDT60801/IDT60801.95977.shtml","95977","IDT60801","147.0742","-42.9858","2004"
"397","Hobart","/products/IDT60801/IDT60801.94970.shtml","94970","IDT60801","147.3278","-42.8897","1882"
"398","Hobart Airport","/products/IDT60801/IDT60801.94975.shtml","94975","IDT60801","147.5033","-42.8339","1958"
"399","kunanyi / Mount Wellington","/products/IDT60801/IDT60801.95979.shtml","95979","IDT60801","147.2358","-42.895","1961"
"400","Tasman Island","/products/IDT60801/IDT60801.95986.shtml","95986","IDT60801","148.0025","-43.2397","1977"
"401","Hartz Mountains","/products/IDT60801/IDT60801.94977.shtml","94977","IDT60801","146.7683","-43.2006","1994"
"402","Macquarie Island","/products/IDT60801/IDT60801.94998.shtml","94998","IDT60801","158.9369","-54.4994","1948"
"403","PWS C","/products/IDT60801/IDT60801.99142.shtml","99142","IDT60801","0","0","0"
"404","Charlton","/products/IDV60801/IDV60801.94839.shtml","94839","IDV60801","143.3341","-36.2847","2004"
"405","Hopetoun Airport","/products/IDV60801/IDV60801.94838.shtml","94838","IDV60801","142.3569","-35.7151","2004"
"406","Kerang","/products/IDV60801/IDV60801.94844.shtml","94844","IDV60801","143.9197","-35.7236","1880"
"407","Mildura","/products/IDV60801/IDV60801.94693.shtml","94693","IDV60801","142.0867","-34.2358","1946"
"408","Swan Hill","/products/IDV60801/IDV60801.94843.shtml","94843","IDV60801","143.5416","-35.3766","1996"
"409","Walpeup","/products/IDV60801/IDV60801.95831.shtml","95831","IDV60801","142.004","-35.1201","1939"
"410","Edenhope","/products/IDV60801/IDV60801.95832.shtml","95832","IDV60801","141.2657","-37.0222","2005"
"411","Horsham","/products/IDV60801/IDV60801.95839.shtml","95839","IDV60801","142.1731","-36.6697","1990"
"412","Kanagulk","/products/IDV60801/IDV60801.95827.shtml","95827","IDV60801","141.8031","-37.1169","2004"
"413","Longerenong","/products/IDV60801/IDV60801.95835.shtml","95835","IDV60801","142.2991","-36.6722","1860"
"414","Nhill Aerodrome","/products/IDV60801/IDV60801.94827.shtml","94827","IDV60801","141.6486","-36.3092","2003"
"415","Stawell","/products/IDV60801/IDV60801.94836.shtml","94836","IDV60801","142.7402","-37.072","1996"
"416","Warracknabeal","/products/IDV60801/IDV60801.94841.shtml","94841","IDV60801","142.405","-36.2614","1969"
"417","Warracknabeal Airport","/products/IDV60801/IDV60801.94920.shtml","94920","IDV60801","0","0","0"
"418","Ararat","/products/IDV60801/IDV60801.94834.shtml","94834","IDV60801","142.9786","-37.2769","1969"
"419","Ben Nevis","/products/IDV60801/IDV60801.94835.shtml","94835","IDV60801","143.2006","-37.2281","2007"
"420","Cape Nelson","/products/IDV60801/IDV60801.94826.shtml","94826","IDV60801","141.5437","-38.4306","1995"
"421","Cape Otway","/products/IDV60801/IDV60801.94842.shtml","94842","IDV60801","143.5128","-38.8556","1861"
"422","Casterton","/products/IDV60801/IDV60801.95825.shtml","95825","IDV60801","141.3339","-37.583","2005"
"423","Dartmoor","/products/IDV60801/IDV60801.95822.shtml","95822","IDV60801","141.2614","-37.9222","2009"
"424","Hamilton","/products/IDV60801/IDV60801.94829.shtml","94829","IDV60801","142.0636","-37.6486","1983"
"425","Mortlake","/products/IDV60801/IDV60801.94840.shtml","94840","IDV60801","142.7744","-38.0737","1990"
"426","Mount Gellibrand","/products/IDV60801/IDV60801.95845.shtml","95845","IDV60801","143.7925","-38.2333","2000"
"427","Mount William","/products/IDV60801/IDV60801.94833.shtml","94833","IDV60801","142.6039","-37.295","2005"
"428","Port Fairy","/products/IDV60801/IDV60801.94830.shtml","94830","IDV60801","142.2347","-38.3906","1990"
"429","Portland Airport","/products/IDV60801/IDV60801.94828.shtml","94828","IDV60801","141.4705","-38.3148","1982"
"430","Portland Harbour","/products/IDV60801/IDV60801.95826.shtml","95826","IDV60801","141.6136","-38.3439","1991"
"431","Warrnambool","/products/IDV60801/IDV60801.94837.shtml","94837","IDV60801","142.4522","-38.2867","1998"
"432","Westmere","/products/IDV60801/IDV60801.95840.shtml","95840","IDV60801","142.9378","-37.7067","2006"
"433","Aireys Inlet","/products/IDV60801/IDV60801.94846.shtml","94846","IDV60801","144.0883","-38.4583","1990"
"434","Avalon","/products/IDV60801/IDV60801.94854.shtml","94854","IDV60801","144.4783","-38.0287","1965"
"435","Ballarat","/products/IDV60801/IDV60801.94852.shtml","94852","IDV60801","143.7911","-37.5127","1908"
"436","Cerberus","/products/IDV60801/IDV60801.94898.shtml","94898","IDV60801","145.1785","-38.3646","1986"
"437","Coldstream","/products/IDV60801/IDV60801.94864.shtml","94864","IDV60801","145.4092","-37.7239","1994"
"438","Cranbourne","/products/IDV60801/IDV60801.94879.shtml","94879","IDV60801","145.2637","-38.1348","1990"
"439","Essendon Airport","/products/IDV60801/IDV60801.95866.shtml","95866","IDV60801","144.9066","-37.7276","1929"
"440","Fawkner Beacon","/products/IDV60801/IDV60801.95872.shtml","95872","IDV60801","144.9281","-37.9089","1988"
"441","Ferny Creek","/products/IDV60801/IDV60801.94872.shtml","94872","IDV60801","145.3496","-37.8748","2011"
"442","Frankston","/products/IDV60801/IDV60801.94871.shtml","94871","IDV60801","145.1156","-38.1481","1990"
"443","Geelong Racecourse","/products/IDV60801/IDV60801.94857.shtml","94857","IDV60801","144.3765","-38.1737","2011"
"444","Laverton","/products/IDV60801/IDV60801.94865.shtml","94865","IDV60801","144.7566","-37.8565","1941"
"445","Melbourne Airport","/products/IDV60801/IDV60801.94866.shtml","94866","IDV60801","144.8321","-37.6655","1970"
"446","Melbourne (Olympic Park)","/products/IDV60801/IDV60801.95936.shtml","95936","IDV60801","144.9816","-37.8255","2013"
"447","Moorabbin Airport","/products/IDV60801/IDV60801.94870.shtml","94870","IDV60801","145.0962","-37.98","1950"
"448","Pound Creek","/products/IDV60801/IDV60801.94886.shtml","94886","IDV60801","145.8107","-38.6297","2007"
"449","Rhyll","/products/IDV60801/IDV60801.94892.shtml","94892","IDV60801","145.3101","-38.4612","1990"
"450","Scoresby","/products/IDV60801/IDV60801.95867.shtml","95867","IDV60801","145.2561","-37.871","1948"
"451","Sheoaks","/products/IDV60801/IDV60801.94863.shtml","94863","IDV60801","144.1303","-37.9075","1990"
"452","South Channel Island","/products/IDV60801/IDV60801.94853.shtml","94853","IDV60801","144.8016","-38.3065","1975"
"453","St Kilda Harbour RMYS","/products/IDV60801/IDV60801.95864.shtml","95864","IDV60801","144.9639","-37.8642","2006"
"454","Viewbank","/products/IDV60801/IDV60801.95874.shtml","95874","IDV60801","145.0972","-37.7408","1999"
"455","Wonthaggi","/products/IDV60801/IDV60801.95881.shtml","95881","IDV60801","145.5965","-38.6078","1911"
"456","Bendigo","/products/IDV60801/IDV60801.94855.shtml","94855","IDV60801","144.3266","-36.7395","1991"
"457","Echuca","/products/IDV60801/IDV60801.94861.shtml","94861","IDV60801","144.7642","-36.1647","1859"
"458","Kyabram","/products/IDV60801/IDV60801.95833.shtml","95833","IDV60801","145.0638","-36.335","1964"
"459","Mangalore","/products/IDV60801/IDV60801.94874.shtml","94874","IDV60801","145.1859","-36.8886","1957"
"460","Redesdale","/products/IDV60801/IDV60801.94859.shtml","94859","IDV60801","144.5203","-37.0194","1903"
"461","Shepparton","/products/IDV60801/IDV60801.94875.shtml","94875","IDV60801","145.3947","-36.4289","1996"
"462","Strathbogie","/products/IDV60801/IDV60801.95843.shtml","95843","IDV60801","145.7308","-36.8472","1902"
"463","Tatura","/products/IDV60801/IDV60801.95836.shtml","95836","IDV60801","145.2672","-36.4378","1942"
"464","Yarrawonga","/products/IDV60801/IDV60801.94862.shtml","94862","IDV60801","146.0306","-36.0294","1993"
"465","Albury","/products/IDV60801/IDV60801.95896.shtml","95896","IDV60801","146.9509","-36.069","1993"
"466","Benalla","/products/IDV60801/IDV60801.94884.shtml","94884","IDV60801","145.9977","-36.5523","2006"
"467","Edi Upper","/products/IDV60801/IDV60801.95838.shtml","95838","IDV60801","146.4671","-36.7396","1985"
"468","Falls Creek","/products/IDV60801/IDV60801.94903.shtml","94903","IDV60801","147.2755","-36.8708","1990"
"469","Hunters Hill","/products/IDV60801/IDV60801.94878.shtml","94878","IDV60801","147.5394","-36.2136","1993"
"470","Lake Dartmouth","/products/IDV60801/IDV60801.94888.shtml","94888","IDV60801","147.4984","-36.5353","1918"
"471","Mount Buller","/products/IDV60801/IDV60801.94894.shtml","94894","IDV60801","146.4394","-37.145","1948"
"472","Mount Hotham Airport","/products/IDV60801/IDV60801.94905.shtml","94905","IDV60801","147.3347","-37.0491","2000"
"473","Mount Hotham","/products/IDV60801/IDV60801.94906.shtml","94906","IDV60801","147.1342","-36.9767","1990"
"474","Rutherglen","/products/IDV60801/IDV60801.95837.shtml","95837","IDV60801","146.5094","-36.1047","1913"
"475","Wangaratta","/products/IDV60801/IDV60801.94889.shtml","94889","IDV60801","146.3056","-36.4206","1987"
"476","Castlemaine","/products/IDV60801/IDV60801.95853.shtml","95853","IDV60801","144.2392","-37.0809","1966"
"477","Eildon Fire Tower","/products/IDV60801/IDV60801.94881.shtml","94881","IDV60801","145.8423","-37.2091","1995"
"478","Kilmore Gap","/products/IDV60801/IDV60801.94860.shtml","94860","IDV60801","144.9654","-37.3807","1993"
"479","Lake Eildon","/products/IDV60801/IDV60801.94882.shtml","94882","IDV60801","145.9124","-37.2313","1887"
"480","Maryborough","/products/IDV60801/IDV60801.94849.shtml","94849","IDV60801","143.732","-37.056","1878"
"481","Puckapunyal-Lyon Hill (Defence)","/products/IDV60801/IDV60801.94858.shtml","94858","IDV60801","0","0","0"
"482","Puckapunyal West (Defence)","/products/IDV60801/IDV60801.94856.shtml","94856","IDV60801","0","0","0"
"483","East Sale Airport","/products/IDV60801/IDV60801.95907.shtml","95907","IDV60801","0","0","0"
"484","Hogan Island","/products/IDV60801/IDV60801.94949.shtml","94949","IDV60801","146.9841","-39.2225","1988"
"485","Latrobe Valley","/products/IDV60801/IDV60801.94891.shtml","94891","IDV60801","146.4747","-38.2094","1984"
"486","Mount Baw Baw","/products/IDV60801/IDV60801.95901.shtml","95901","IDV60801","146.2747","-37.8383","1991"
"487","Mount Moornapa","/products/IDV60801/IDV60801.95913.shtml","95913","IDV60801","147.1428","-37.7481","1993"
"488","Warragul (Nilma North)","/products/IDV60801/IDV60801.99806.shtml","99806","IDV60801","145.9867","-38.1322","2014"
"489","Wilsons Promontory","/products/IDV60801/IDV60801.94893.shtml","94893","IDV60801","146.4244","-39.1297","1872"
"490","Yanakie","/products/IDV60801/IDV60801.94911.shtml","94911","IDV60801","146.1939","-38.8051","2013"
"491","Yarram Airport","/products/IDV60801/IDV60801.95890.shtml","95890","IDV60801","146.7479","-38.5647","2007"
"492","Bairnsdale","/products/IDV60801/IDV60801.94912.shtml","94912","IDV60801","147.5669","-37.8817","1942"
"493","Combienbar","/products/IDV60801/IDV60801.94914.shtml","94914","IDV60801","149.0228","-37.3417","1994"
"494","Gabo Island","/products/IDV60801/IDV60801.94933.shtml","94933","IDV60801","149.9158","-37.5679","1859"
"495","Gelantipy","/products/IDV60801/IDV60801.94913.shtml","94913","IDV60801","148.2625","-37.22","1992"
"496","Kingfish B","/products/IDV60801/IDV60801.55039.shtml","55039","IDV60801","0","0","0"
"497","Lakes Entrance","/products/IDV60801/IDV60801.95904.shtml","95904","IDV60801","148.006","-37.8717","2006"
"498","Mallacoota","/products/IDV60801/IDV60801.94935.shtml","94935","IDV60801","149.7289","-37.5976","1974"
"499","Mount Nowa Nowa","/products/IDV60801/IDV60801.94930.shtml","94930","IDV60801","148.0908","-37.6924","1995"
"500","Omeo","/products/IDV60801/IDV60801.94908.shtml","94908","IDV60801","147.6008","-37.1017","2004"
"501","Orbost","/products/IDV60801/IDV60801.95918.shtml","95918","IDV60801","148.4667","-37.6922","2000"
"502","Point Hicks","/products/IDV60801/IDV60801.94932.shtml","94932","IDV60801","149.2747","-37.8017","1962"
"503","Adelaide (West Terrace /  ngayirdapira)","/products/IDS60801/IDS60801.94648.shtml","94648","IDS60801","0","0","0"
"504","Adelaide (Kent Town)","/products/IDS60801/IDS60801.94675.shtml","94675","IDS60801","138.6216","-34.9211","1977"
"505","Adelaide Airport","/products/IDS60801/IDS60801.94672.shtml","94672","IDS60801","138.5204","-34.9524","1955"
"506","Edinburgh","/products/IDS60801/IDS60801.95676.shtml","95676","IDS60801","138.6222","-34.7111","1972"
"507","Hindmarsh Island","/products/IDS60801/IDS60801.94677.shtml","94677","IDS60801","138.8177","-35.5194","2003"
"508","Kuitpo","/products/IDS60801/IDS60801.94683.shtml","94683","IDS60801","138.6783","-35.1712","1998"
"509","Mount Barker","/products/IDS60801/IDS60801.94806.shtml","94806","IDS60801","138.8465","-35.073","1861"
"510","Mount Crawford","/products/IDS60801/IDS60801.94678.shtml","94678","IDS60801","138.9278","-34.7253","1994"
"511","Mount Lofty","/products/IDS60801/IDS60801.95678.shtml","95678","IDS60801","138.7088","-34.9784","1985"
"512","Noarlunga","/products/IDS60801/IDS60801.94808.shtml","94808","IDS60801","138.5057","-35.1586","2000"
"513","Nuriootpa","/products/IDS60801/IDS60801.94681.shtml","94681","IDS60801","139.0056","-34.4761","1996"
"514","Outer Harbor (Black Pole)","/products/IDS60801/IDS60801.95675.shtml","95675","IDS60801","138.4653","-34.7343","2001"
"515","Parafield","/products/IDS60801/IDS60801.95677.shtml","95677","IDS60801","138.6281","-34.7977","1929"
"516","Parawa West","/products/IDS60801/IDS60801.94811.shtml","94811","IDS60801","138.2864","-35.5695","1994"
"517","Sellicks Hill","/products/IDS60801/IDS60801.95679.shtml","95679","IDS60801","138.5019","-35.3294","1995"
"518","Strathalbyn","/products/IDS60801/IDS60801.94814.shtml","94814","IDS60801","138.8934","-35.2836","1996"
"519","Cape Borda","/products/IDS60801/IDS60801.95805.shtml","95805","IDS60801","136.5959","-35.7549","2002"
"520","Cape Willoughby","/products/IDS60801/IDS60801.94822.shtml","94822","IDS60801","138.1327","-35.8426","1881"
"521","Edithburgh","/products/IDS60801/IDS60801.94809.shtml","94809","IDS60801","137.7395","-35.1121","1984"
"522","Kadina","/products/IDS60801/IDS60801.94685.shtml","94685","IDS60801","137.6628","-33.9703","2005"
"523","Kingscote","/products/IDS60801/IDS60801.95807.shtml","95807","IDS60801","137.5231","-35.7114","1994"
"524","Maitland","/products/IDS60801/IDS60801.94665.shtml","94665","IDS60801","137.6733","-34.3745","1879"
"525","Minlaton Airport","/products/IDS60801/IDS60801.95659.shtml","95659","IDS60801","137.5276","-34.748","2001"
"526","Parndana","/products/IDS60801/IDS60801.94807.shtml","94807","IDS60801","137.2496","-35.7916","2011"
"527","Stenhouse Bay","/products/IDS60801/IDS60801.95806.shtml","95806","IDS60801","136.9392","-35.2795","1995"
"528","Warburto Point","/products/IDS60801/IDS60801.94666.shtml","94666","IDS60801","137.528","-34.0041","2003"
"529","Warooka","/products/IDS60801/IDS60801.94663.shtml","94663","IDS60801","137.3995","-34.9906","1861"
"530","Cape Jaffa","/products/IDS60801/IDS60801.94813.shtml","94813","IDS60801","139.7164","-36.9655","1991"
"531","Coonawarra","/products/IDS60801/IDS60801.94817.shtml","94817","IDS60801","140.8254","-37.2906","1985"
"532","Keith","/products/IDS60801/IDS60801.94816.shtml","94816","IDS60801","140.3556","-36.098","1906"
"533","Keith West","/products/IDS60801/IDS60801.95815.shtml","95815","IDS60801","140.3273","-36.1058","2001"
"534","Mount Gambier","/products/IDS60801/IDS60801.94821.shtml","94821","IDS60801","140.7739","-37.7473","1941"
"535","Naracoorte","/products/IDS60801/IDS60801.94820.shtml","94820","IDS60801","140.727","-36.9813","1998"
"536","Padthaway","/products/IDS60801/IDS60801.95823.shtml","95823","IDS60801","140.5212","-36.6539","2000"
"537","Robe Airport","/products/IDS60801/IDS60801.95816.shtml","95816","IDS60801","139.8054","-37.1776","2003"
"538","Karoonda","/products/IDS60801/IDS60801.95813.shtml","95813","IDS60801","139.8972","-35.09","1914"
"539","Lameroo AWS","/products/IDS60801/IDS60801.94690.shtml","94690","IDS60801","140.5378","-35.3778","2004"
"540","Loxton","/products/IDS60801/IDS60801.94682.shtml","94682","IDS60801","140.5978","-34.439","1984"
"541","Murray Bridge","/products/IDS60801/IDS60801.95812.shtml","95812","IDS60801","139.2592","-35.1234","1885"
"542","Pallamana","/products/IDS60801/IDS60801.95818.shtml","95818","IDS60801","139.2273","-35.065","2006"
"543","Renmark Airport","/products/IDS60801/IDS60801.95687.shtml","95687","IDS60801","140.6766","-34.1983","1995"
"544","Clare","/products/IDS60801/IDS60801.95667.shtml","95667","IDS60801","138.5933","-33.8226","1993"
"545","Eudunda","/products/IDS60801/IDS60801.94680.shtml","94680","IDS60801","139.0847","-34.1754","1880"
"546","Hawker","/products/IDS60801/IDS60801.94673.shtml","94673","IDS60801","138.435","-31.8846","1882"
"547","Port Augusta","/products/IDS60801/IDS60801.95666.shtml","95666","IDS60801","137.7169","-32.5073","2001"
"548","Port Pirie Airport AWS","/products/IDS60801/IDS60801.99749.shtml","99749","IDS60801","137.9971","-33.2371","2000"
"549","Roseworthy","/products/IDS60801/IDS60801.95671.shtml","95671","IDS60801","138.6763","-34.5106","1997"
"550","Snowtown","/products/IDS60801/IDS60801.95670.shtml","95670","IDS60801","138.2182","-33.7676","1998"
"551","Turretfield","/products/IDS60801/IDS60801.95674.shtml","95674","IDS60801","138.8342","-34.5519","1887"
"552","Yongala","/products/IDS60801/IDS60801.94679.shtml","94679","IDS60801","138.756","-33.0276","1881"
"553","Ceduna","/products/IDS60801/IDS60801.94653.shtml","94653","IDS60801","133.6976","-32.1297","1939"
"554","Cleve","/products/IDS60801/IDS60801.94661.shtml","94661","IDS60801","136.4937","-33.7011","1896"
"555","Cleve Airport","/products/IDS60801/IDS60801.94662.shtml","94662","IDS60801","136.5026","-33.7081","1963"
"556","Cultana (Defence)","/products/IDS60801/IDS60801.95683.shtml","95683","IDS60801","0","0","0"
"557","Cummins Airport","/products/IDS60801/IDS60801.95663.shtml","95663","IDS60801","135.7135","-34.2524","2007"
"558","Elliston","/products/IDS60801/IDS60801.94656.shtml","94656","IDS60801","134.888","-33.6501","1882"
"559","Kimba","/products/IDS60801/IDS60801.94668.shtml","94668","IDS60801","136.4126","-33.1416","1920"
"560","Kyancutta","/products/IDS60801/IDS60801.94657.shtml","94657","IDS60801","135.5521","-33.1337","1930"
"561","Minnipa RS","/products/IDS60801/IDS60801.95662.shtml","95662","IDS60801","135.1515","-32.8427","1996"
"562","Neptune Island","/products/IDS60801/IDS60801.94804.shtml","94804","IDS60801","136.1174","-35.3365","1957"
"563","Nullarbor","/products/IDS60801/IDS60801.94651.shtml","94651","IDS60801","130.8976","-31.4492","1888"
"564","Point Avoid","/products/IDS60801/IDS60801.95649.shtml","95649","IDS60801","0","0","0"
"565","Port Lincoln Airport","/products/IDS60801/IDS60801.95661.shtml","95661","IDS60801","135.8784","-34.5993","1992"
"566","Streaky Bay","/products/IDS60801/IDS60801.94654.shtml","94654","IDS60801","134.2116","-32.7963","1865"
"567","Whyalla","/products/IDS60801/IDS60801.95664.shtml","95664","IDS60801","137.5206","-33.0539","1945"
"568","Wudinna Airport","/products/IDS60801/IDS60801.95654.shtml","95654","IDS60801","135.4519","-33.043","1999"
"569","Andamooka","/products/IDS60801/IDS60801.95660.shtml","95660","IDS60801","137.1692","-30.449","1965"
"570","Arkaroola","/products/IDS60801/IDS60801.94676.shtml","94676","IDS60801","139.3357","-30.311","1938"
"571","Coober Pedy Airport","/products/IDS60801/IDS60801.95458.shtml","95458","IDS60801","134.7222","-29.0347","1994"
"572","Ernabella/Pukatja","/products/IDS60801/IDS60801.94474.shtml","94474","IDS60801","132.1771","-26.2635","1997"
"573","Gluepot","/products/IDS60801/IDS60801.95668.shtml","95668","IDS60801","140.1251","-33.7622","1999"
"574","Leigh Creek","/products/IDS60801/IDS60801.94674.shtml","94674","IDS60801","138.4219","-30.5963","1982"
"575","Marree Airport","/products/IDS60801/IDS60801.95480.shtml","95480","IDS60801","138.0684","-29.6587","1998"
"576","Moomba Airport","/products/IDS60801/IDS60801.95481.shtml","95481","IDS60801","140.1956","-28.0997","1995"
"577","Mount Ive","/products/IDS60801/IDS60801.94660.shtml","94660","IDS60801","136.0671","-32.4398","1881"
"578","Oodnadatta","/products/IDS60801/IDS60801.94476.shtml","94476","IDS60801","135.4456","-27.5553","1939"
"579","Roxby Downs","/products/IDS60801/IDS60801.95658.shtml","95658","IDS60801","136.8772","-30.4829","1997"
"580","Tarcoola","/products/IDS60801/IDS60801.94655.shtml","94655","IDS60801","134.5786","-30.7051","1997"
"581","Woomera","/products/IDS60801/IDS60801.94659.shtml","94659","IDS60801","136.8054","-31.1558","1949"
"582","Yunta","/products/IDS60801/IDS60801.94684.shtml","94684","IDS60801","139.5645","-32.5707","1998"
"583","Adele Island","/products/IDW60801/IDW60801.94210.shtml","94210","IDW60801","123.1556","-15.5114","1972"
"584","Argyle","/products/IDW60801/IDW60801.94217.shtml","94217","IDW60801","128.4517","-16.6381","1986"
"585","Broome","/products/IDW60801/IDW60801.94203.shtml","94203","IDW60801","122.2353","-17.9475","1939"
"586","Broome Port","/products/IDW60801/IDW60801.95202.shtml","95202","IDW60801","122.2183","-18.0008","1991"
"587","Browse Island","/products/IDW60801/IDW60801.94103.shtml","94103","IDW60801","123.5472","-14.1089","1969"
"588","Curtin","/products/IDW60801/IDW60801.94204.shtml","94204","IDW60801","123.8297","-17.5769","1989"
"589","Cygnet Bay","/products/IDW60801/IDW60801.94201.shtml","94201","IDW60801","123.0086","-16.4514","1963"
"590","Derby","/products/IDW60801/IDW60801.95205.shtml","95205","IDW60801","123.6611","-17.3706","1951"
"591","Fitzroy Crossing","/products/IDW60801/IDW60801.94206.shtml","94206","IDW60801","125.5619","-18.1814","1997"
"592","Halls Creek","/products/IDW60801/IDW60801.94212.shtml","94212","IDW60801","127.6636","-18.2292","1944"
"593","Kalumburu","/products/IDW60801/IDW60801.94100.shtml","94100","IDW60801","126.6453","-14.2964","1997"
"594","Kununurra Airport","/products/IDW60801/IDW60801.94216.shtml","94216","IDW60801","128.71","-15.7814","1971"
"595","Lombadina","/products/IDW60801/IDW60801.99206.shtml","99206","IDW60801","0","0","0"
"596","Mandora","/products/IDW60801/IDW60801.94200.shtml","94200","IDW60801","120.8433","-19.7419","1913"
"597","Mount Elizabeth","/products/IDW60801/IDW60801.94211.shtml","94211","IDW60801","126.1025","-16.4181","1973"
"598","Rowley Shoals","/products/IDW60801/IDW60801.94207.shtml","94207","IDW60801","118.9531","-17.5217","1970"
"599","Troughton Island","/products/IDW60801/IDW60801.94102.shtml","94102","IDW60801","126.1485","-13.7542","1956"
"600","Truscott","/products/IDW60801/IDW60801.95101.shtml","95101","IDW60801","126.3867","-14.09","1944"
"601","West Roebuck","/products/IDW60801/IDW60801.95204.shtml","95204","IDW60801","122.3122","-17.8964","1999"
"602","Wyndham Airport","/products/IDW60801/IDW60801.95214.shtml","95214","IDW60801","128.1503","-15.51","1951"
"603","Yampi Sound (Defence)","/products/IDW60801/IDW60801.95208.shtml","95208","IDW60801","0","0","0"
"604","Barimunya","/products/IDW60801/IDW60801.99313.shtml","99313","IDW60801","0","0","0"
"605","Barrow Island","/products/IDW60801/IDW60801.95304.shtml","95304","IDW60801","115.4056","-20.875","1998"
"606","Bedout Island","/products/IDW60801/IDW60801.94310.shtml","94310","IDW60801","119.1","-19.5894","1993"
"607","Christmas Creek","/products/IDW60801/IDW60801.99737.shtml","99737","IDW60801","0","0","0"
"608","Coondewanna","/products/IDW60801/IDW60801.99312.shtml","99312","IDW60801","0","0","0"
"609","Emu Creek","/products/IDW60801/IDW60801.94318.shtml","94318","IDW60801","115.0414","-23.0314","1898"
"610","Fortescue Dave Forrest","/products/IDW60801/IDW60801.99736.shtml","99736","IDW60801","0","0","0"
"611","Karijini North","/products/IDW60801/IDW60801.94330.shtml","94330","IDW60801","0","0","0"
"612","Karratha","/products/IDW60801/IDW60801.95307.shtml","95307","IDW60801","116.7742","-20.7097","1971"
"613","Learmonth","/products/IDW60801/IDW60801.94302.shtml","94302","IDW60801","114.0967","-22.2406","1945"
"614","Legendre Island","/products/IDW60801/IDW60801.94307.shtml","94307","IDW60801","116.8431","-20.3583","1992"
"615","Marble Bar","/products/IDW60801/IDW60801.95317.shtml","95317","IDW60801","119.7497","-21.1756","2000"
"616","Mardie","/products/IDW60801/IDW60801.94306.shtml","94306","IDW60801","115.9797","-21.1906","1885"
"617","Newman Airport","/products/IDW60801/IDW60801.94317.shtml","94317","IDW60801","119.7992","-23.4167","1971"
"618","Onslow Airport","/products/IDW60801/IDW60801.95305.shtml","95305","IDW60801","115.1092","-21.6689","1940"
"619","Paraburdoo","/products/IDW60801/IDW60801.94316.shtml","94316","IDW60801","117.7494","-23.1725","1974"
"620","Pardoo","/products/IDW60801/IDW60801.94311.shtml","94311","IDW60801","119.5811","-20.1078","1904"
"621","Port Hedland","/products/IDW60801/IDW60801.94312.shtml","94312","IDW60801","118.6317","-20.3725","1942"
"622","Roebourne Airport","/products/IDW60801/IDW60801.94308.shtml","94308","IDW60801","117.1583","-20.7594","2001"
"623","Solomon Airport","/products/IDW60801/IDW60801.99217.shtml","99217","IDW60801","0","0","0"
"624","Telfer","/products/IDW60801/IDW60801.94319.shtml","94319","IDW60801","122.2281","-21.7125","1974"
"625","Thevenard Island","/products/IDW60801/IDW60801.94303.shtml","94303","IDW60801","115.0197","-21.4606","1989"
"626","Varanus Island","/products/IDW60801/IDW60801.95303.shtml","95303","IDW60801","115.5769","-20.655","1999"
"627","Carnarvon","/products/IDW60801/IDW60801.94300.shtml","94300","IDW60801","113.67","-24.8878","1945"
"628","Bulga Downs","/products/IDW60801/IDW60801.94444.shtml","94444","IDW60801","119.7436","-28.4967","1924"
"629","Degrussa Aerodrome","/products/IDW60801/IDW60801.99400.shtml","99400","IDW60801","0","0","0"
"630","Denham","/products/IDW60801/IDW60801.94402.shtml","94402","IDW60801","113.5319","-25.9261","1893"
"631","Meekatharra","/products/IDW60801/IDW60801.94430.shtml","94430","IDW60801","118.5372","-26.6136","1944"
"632","Mount Magnet Airport","/products/IDW60801/IDW60801.94429.shtml","94429","IDW60801","117.8425","-28.1156","1995"
"633","Murchison","/products/IDW60801/IDW60801.94422.shtml","94422","IDW60801","115.9567","-26.8956","1987"
"634","Shark Bay Airport","/products/IDW60801/IDW60801.95402.shtml","95402","IDW60801","113.5772","-25.8925","2000"
"635","Kalgoorlie-Boulder","/products/IDW60801/IDW60801.94637.shtml","94637","IDW60801","121.4533","-30.7847","1939"
"636","Laverton","/products/IDW60801/IDW60801.94449.shtml","94449","IDW60801","122.4236","-28.6133","1991"
"637","Leinster","/products/IDW60801/IDW60801.95448.shtml","95448","IDW60801","120.7031","-27.8386","1994"
"638","Leonora Airport","/products/IDW60801/IDW60801.94450.shtml","94450","IDW60801","121.3186","-28.8789","2007"
"639","Mount Keith","/products/IDW60801/IDW60801.99434.shtml","99434","IDW60801","0","0","0"
"640","Norseman Airport","/products/IDW60801/IDW60801.95642.shtml","95642","IDW60801","121.7547","-32.2147","1999"
"641","Wiluna","/products/IDW60801/IDW60801.94439.shtml","94439","IDW60801","120.2258","-26.5914","1898"
"642","Wiluna Airport","/products/IDW60801/IDW60801.95439.shtml","95439","IDW60801","0","0","0"
"643","Balladonia","/products/IDW60801/IDW60801.94642.shtml","94642","IDW60801","123.8653","-32.4569","1891"
"644","Eucla","/products/IDW60801/IDW60801.94647.shtml","94647","IDW60801","128.8958","-31.6797","1876"
"645","Eyre","/products/IDW60801/IDW60801.94645.shtml","94645","IDW60801","126.3008","-32.2464","1885"
"646","Forrest","/products/IDW60801/IDW60801.95646.shtml","95646","IDW60801","128.1092","-30.8453","1993"
"647","Red Rocks Point","/products/IDW60801/IDW60801.94644.shtml","94644","IDW60801","127.5297","-32.2028","1999"
"648","Carnegie","/products/IDW60801/IDW60801.94451.shtml","94451","IDW60801","122.9753","-25.7964","1942"
"649","Giles*","/products/IDW60801/IDW60801.94461.shtml","94461","IDW60801","128.301","-25.0341","1956"
"650","Warburton","/products/IDW60801/IDW60801.94457.shtml","94457","IDW60801","126.5839","-26.1317","1940"
"651","Christmas Island","/products/IDW60801/IDW60801.96995.shtml","96995","IDW60801","105.6875","-10.4528","1972"
"652","Cocos Island","/products/IDW60801/IDW60801.96996.shtml","96996","IDW60801","96.8344","-12.1892","1901"
"653","Badgingarra","/products/IDW60801/IDW60801.94603.shtml","94603","IDW60801","115.5394","-30.3381","1962"
"654","Carnamah","/products/IDW60801/IDW60801.94415.shtml","94415","IDW60801","115.8872","-29.6886","1887"
"655","Geraldton Airport","/products/IDW60801/IDW60801.94403.shtml","94403","IDW60801","114.6989","-28.8047","2011"
"656","Jurien Bay","/products/IDW60801/IDW60801.95600.shtml","95600","IDW60801","115.0311","-30.3081","1968"
"657","Kalbarri","/products/IDW60801/IDW60801.94401.shtml","94401","IDW60801","114.165","-27.7119","1970"
"658","Morawa Airport","/products/IDW60801/IDW60801.94417.shtml","94417","IDW60801","116.0247","-29.2039","1997"
"659","Mullewa","/products/IDW60801/IDW60801.94411.shtml","94411","IDW60801","115.5142","-28.5367","1896"
"660","North Island","/products/IDW60801/IDW60801.94405.shtml","94405","IDW60801","113.5936","-28.3008","1990"
"661","Armament Jetty","/products/IDW60801/IDW60801.99254.shtml","99254","IDW60801","0","0","0"
"662","Bickley","/products/IDW60801/IDW60801.95610.shtml","95610","IDW60801","116.1369","-32.0072","1969"
"663","Colpoys Point","/products/IDW60801/IDW60801.99255.shtml","99255","IDW60801","0","0","0"
"664","Dwellingup","/products/IDW60801/IDW60801.94620.shtml","94620","IDW60801","116.0594","-32.7103","1934"
"665","Garden Island","/products/IDW60801/IDW60801.95607.shtml","95607","IDW60801","115.6839","-32.2433","2001"
"666","Gingin Airport","/products/IDW60801/IDW60801.95612.shtml","95612","IDW60801","115.8642","-31.4628","1968"
"667","Gooseberry Hill","/products/IDW60801/IDW60801.94615.shtml","94615","IDW60801","116.0506","-31.9414","1989"
"668","Hillarys Point Boat Harbour","/products/IDW60801/IDW60801.95605.shtml","95605","IDW60801","115.7386","-31.8256","1991"
"669","Jandakot","/products/IDW60801/IDW60801.94609.shtml","94609","IDW60801","115.8794","-32.1011","1972"
"670","Karnet","/products/IDW60801/IDW60801.95614.shtml","95614","IDW60801","116.0789","-32.4389","1963"
"671","Lancelin","/products/IDW60801/IDW60801.95606.shtml","95606","IDW60801","115.3322","-31.016","1965"
"672","Lancelin (Defence)","/products/IDW60801/IDW60801.95609.shtml","95609","IDW60801","0","0","0"
"673","Mandurah","/products/IDW60801/IDW60801.94605.shtml","94605","IDW60801","115.7119","-32.5219","2001"
"674","Melville Water","/products/IDW60801/IDW60801.95620.shtml","95620","IDW60801","115.8311","-31.9889","1999"
"675","Millendon (Swan Valley)","/products/IDW60801/IDW60801.94795.shtml","94795","IDW60801","0","0","0"
"676","Ocean Reef","/products/IDW60801/IDW60801.94607.shtml","94607","IDW60801","115.7278","-31.7594","1985"
"677","Pearce","/products/IDW60801/IDW60801.94612.shtml","94612","IDW60801","116.0189","-31.6669","1937"
"678","Perth","/products/IDW60801/IDW60801.94608.shtml","94608","IDW60801","115.8728","-31.9192","1993"
"679","Perth Airport","/products/IDW60801/IDW60801.94610.shtml","94610","IDW60801","115.9764","-31.9275","1944"
"680","Rottnest Island","/products/IDW60801/IDW60801.94602.shtml","94602","IDW60801","115.5022","-32.0069","1983"
"681","Swanbourne","/products/IDW60801/IDW60801.94614.shtml","94614","IDW60801","115.7619","-31.9558","1985"
"682","Bridgetown","/products/IDW60801/IDW60801.95632.shtml","95632","IDW60801","116.1311","-33.9486","1997"
"683","Bunbury","/products/IDW60801/IDW60801.94604.shtml","94604","IDW60801","115.6447","-33.3567","1995"
"684","Busselton Airport","/products/IDW60801/IDW60801.95611.shtml","95611","IDW60801","115.4008","-33.6858","1997"
"685","Busselton Jetty","/products/IDW60801/IDW60801.95602.shtml","95602","IDW60801","115.3383","-33.6294","1997"
"686","Cape Leeuwin","/products/IDW60801/IDW60801.94601.shtml","94601","IDW60801","115.1358","-34.3728","1897"
"687","Cape Naturaliste","/products/IDW60801/IDW60801.94600.shtml","94600","IDW60801","115.0189","-33.5372","1903"
"688","Collie East","/products/IDW60801/IDW60801.95621.shtml","95621","IDW60801","116.1717","-33.3608","2002"
"689","Donnybrook","/products/IDW60801/IDW60801.95622.shtml","95622","IDW60801","115.8247","-33.5719","1900"
"690","Jarrahwood","/products/IDW60801/IDW60801.95623.shtml","95623","IDW60801","115.6658","-33.7964","1975"
"691","Manjimup","/products/IDW60801/IDW60801.94617.shtml","94617","IDW60801","116.145","-34.2508","1915"
"692","Pemberton","/products/IDW60801/IDW60801.95613.shtml","95613","IDW60801","116.0433","-34.4478","1941"
"693","Shannon","/products/IDW60801/IDW60801.95617.shtml","95617","IDW60801","116.3367","-34.5683","1996"
"694","Walpole North","/products/IDW60801/IDW60801.95647.shtml","95647","IDW60801","116.7222","-34.9469","2004"
"695","Witchcliffe","/products/IDW60801/IDW60801.95641.shtml","95641","IDW60801","115.1042","-34.0281","1999"
"696","Albany","/products/IDW60801/IDW60801.94801.shtml","94801","IDW60801","117.8808","-35.0289","1877"
"697","Albany Airport","/products/IDW60801/IDW60801.94802.shtml","94802","IDW60801","117.8158","-34.9411","2012"
"698","Mount Barker","/products/IDW60801/IDW60801.94630.shtml","94630","IDW60801","117.6361","-34.625","1886"
"699","Jacup","/products/IDW60801/IDW60801.95636.shtml","95636","IDW60801","119.1092","-33.8878","1993"
"700","Rocky Gully South","/products/IDW60801/IDW60801.94631.shtml","94631","IDW60801","117.0106","-34.5714","1995"
"701","Esperance","/products/IDW60801/IDW60801.94638.shtml","94638","IDW60801","121.8925","-33.83","1969"
"702","Esperance Airport","/products/IDW60801/IDW60801.95638.shtml","95638","IDW60801","121.8275","-33.6825","1950"
"703","Esperance Harbour","/products/IDW60801/IDW60801.95648.shtml","95648","IDW60801","121.8971","-33.8707","1992"
"704","Hopetoun North","/products/IDW60801/IDW60801.95635.shtml","95635","IDW60801","120.1283","-33.9306","1995"
"705","Munglinup West","/products/IDW60801/IDW60801.95644.shtml","95644","IDW60801","120.6997","-33.5547","2002"
"706","Ravensthorpe","/products/IDW60801/IDW60801.94636.shtml","94636","IDW60801","120.0458","-33.5803","1901"
"707","Salmon Gums RS","/products/IDW60801/IDW60801.95639.shtml","95639","IDW60801","121.6239","-32.9869","1932"
"708","Brookton","/products/IDW60801/IDW60801.94625.shtml","94625","IDW60801","117.0086","-32.3728","1908"
"709","Corrigin","/products/IDW60801/IDW60801.94633.shtml","94633","IDW60801","117.8733","-32.3292","1910"
"710","Hyden","/products/IDW60801/IDW60801.95627.shtml","95627","IDW60801","118.8983","-32.4419","1928"
"711","Katanning RS","/products/IDW60801/IDW60801.94641.shtml","94641","IDW60801","117.6064","-33.6856","1999"
"712","Lake Grace","/products/IDW60801/IDW60801.95637.shtml","95637","IDW60801","118.4647","-33.1006","1997"
"713","Narrogin","/products/IDW60801/IDW60801.94627.shtml","94627","IDW60801","117.1797","-32.9342","1891"
"714","Newdegate","/products/IDW60801/IDW60801.94628.shtml","94628","IDW60801","118.84","-33.1131","1954"
"715","Pingelly","/products/IDW60801/IDW60801.95616.shtml","95616","IDW60801","117.0831","-32.5336","1891"
"716","Wagin","/products/IDW60801/IDW60801.95618.shtml","95618","IDW60801","117.3403","-33.3075","1891"
"717","Wandering","/products/IDW60801/IDW60801.95640.shtml","95640","IDW60801","116.6706","-32.6722","1998"
"718","Beverley","/products/IDW60801/IDW60801.95615.shtml","95615","IDW60801","116.9247","-32.1083","1886"
"719","Cunderdin Airport","/products/IDW60801/IDW60801.95625.shtml","95625","IDW60801","117.2217","-31.6219","1942"
"720","Dalwallinu","/products/IDW60801/IDW60801.95629.shtml","95629","IDW60801","116.6714","-30.2761","1997"
"721","Goomalling","/products/IDW60801/IDW60801.95631.shtml","95631","IDW60801","116.8269","-31.2994","1887"
"722","Kellerberrin","/products/IDW60801/IDW60801.95603.shtml","95603","IDW60801","117.7217","-31.6183","1892"
"723","Merredin","/products/IDW60801/IDW60801.95624.shtml","95624","IDW60801","118.2789","-31.4756","1903"
"724","Narembeen","/products/IDW60801/IDW60801.95626.shtml","95626","IDW60801","118.3956","-32.0656","1927"
"725","Northam","/products/IDW60801/IDW60801.94621.shtml","94621","IDW60801","116.6586","-31.6508","1877"
"726","Southern Cross Airport","/products/IDW60801/IDW60801.95634.shtml","95634","IDW60801","119.3564","-31.2353","1996"
"727","Wongan Hills","/products/IDW60801/IDW60801.94622.shtml","94622","IDW60801","116.7186","-30.8917","1907"
"728","York","/products/IDW60801/IDW60801.94623.shtml","94623","IDW60801","116.765","-31.8997","1996"
"729","Batchelor","/products/IDD60801/IDD60801.94125.shtml","94125","IDD60801","131.0252","-13.0544","1992"
"730","Bradshaw","/products/IDD60801/IDD60801.94130.shtml","94130","IDD60801","130.8091","-14.9408","1998"
"731","Bradshaw-Angallari Valley (Defence)","/products/IDD60801/IDD60801.94221.shtml","94221","IDD60801","0","0","0"
"732","Channel Point","/products/IDD60801/IDD60801.94121.shtml","94121","IDD60801","130.1226","-13.1672","1990"
"733","Charles Point","/products/IDD60801/IDD60801.99510.shtml","99510","IDD60801","130.6306","-12.3895","1996"
"734","Darwin Airport","/products/IDD60801/IDD60801.94120.shtml","94120","IDD60801","130.8925","-12.4239","1941"
"735","Darwin Harbour","/products/IDD60801/IDD60801.95122.shtml","95122","IDD60801","130.8458","-12.4719","1990"
"736","Douglas River","/products/IDD60801/IDD60801.94128.shtml","94128","IDD60801","131.1872","-13.8345","1968"
"737","Dum In Mirrie","/products/IDD60801/IDD60801.94116.shtml","94116","IDD60801","130.3725","-12.635","1994"
"738","Kangaroo Flats (Defence)","/products/IDD60801/IDD60801.94161.shtml","94161","IDD60801","0","0","0"
"739","Middle Point","/products/IDD60801/IDD60801.95121.shtml","95121","IDD60801","131.2988","-12.605","2001"
"740","Mount Bundey North (Defence)","/products/IDD60801/IDD60801.94162.shtml","94162","IDD60801","0","0","0"
"741","Mount Bundey South (Defence)","/products/IDD60801/IDD60801.94112.shtml","94112","IDD60801","0","0","0"
"742","Noonamah","/products/IDD60801/IDD60801.94105.shtml","94105","IDD60801","131.0474","-12.6099","2013"
"743","Point Stuart","/products/IDD60801/IDD60801.94127.shtml","94127","IDD60801","131.8791","-12.2397","1992"
"744","Wadeye (Port Keats)","/products/IDD60801/IDD60801.95111.shtml","95111","IDD60801","129.5282","-14.2494","1996"
"745","Pirlangimpi","/products/IDD60801/IDD60801.94119.shtml","94119","IDD60801","130.4217","-11.4021","1963"
"746","Point Fawcett","/products/IDD60801/IDD60801.94122.shtml","94122","IDD60801","130.03","-11.7628","1971"
"747","Black Point","/products/IDD60801/IDD60801.94134.shtml","94134","IDD60801","132.143","-11.1538","1965"
"748","Bulman","/products/IDD60801/IDD60801.94143.shtml","94143","IDD60801","134.3415","-13.6715","2002"
"749","Cape Wessel","/products/IDD60801/IDD60801.94147.shtml","94147","IDD60801","136.7586","-11.0047","1968"
"750","Central Arnhem Plateau","/products/IDD60801/IDD60801.94141.shtml","94141","IDD60801","133.0861","-13.3275","2003"
"751","Croker Island Airport","/products/IDD60801/IDD60801.94108.shtml","94108","IDD60801","132.4813","-11.1629","2012"
"752","Gove Airport","/products/IDD60801/IDD60801.94150.shtml","94150","IDD60801","136.8203","-12.2741","1944"
"753","Groote Eylandt Airport","/products/IDD60801/IDD60801.94153.shtml","94153","IDD60801","136.463","-13.9746","1999"
"754","Jabiru","/products/IDD60801/IDD60801.94137.shtml","94137","IDD60801","132.894","-12.6592","1984"
"755","Maningrida Airport","/products/IDD60801/IDD60801.95142.shtml","95142","IDD60801","134.2339","-12.0569","2003"
"756","McCluer Island","/products/IDD60801/IDD60801.94135.shtml","94135","IDD60801","132.9791","-11.0468","1993"
"757","Milingimbi","/products/IDD60801/IDD60801.94140.shtml","94140","IDD60801","134.8919","-12.0932","2003"
"758","Murganella Airstrip","/products/IDD60801/IDD60801.94109.shtml","94109","IDD60801","132.9266","-11.5485","2012"
"759","Ngayawili (Elcho Island)","/products/IDD60801/IDD60801.95146.shtml","95146","IDD60801","135.5726","-11.9971","1999"
"760","Ngukurr AWS","/products/IDD60801/IDD60801.94106.shtml","94106","IDD60801","134.7456","-14.7236","2012"
"761","Oenpelli Airport","/products/IDD60801/IDD60801.94110.shtml","94110","IDD60801","133.0069","-12.3272","2012"
"762","Warruwi","/products/IDD60801/IDD60801.94139.shtml","94139","IDD60801","133.3797","-11.65","1916"
"763","Borroloola","/products/IDD60801/IDD60801.94152.shtml","94152","IDD60801","136.3041","-16.0755","1987"
"764","Centre Island","/products/IDD60801/IDD60801.94248.shtml","94248","IDD60801","136.8192","-15.7426","1968"
"765","Daly Waters","/products/IDD60801/IDD60801.94234.shtml","94234","IDD60801","133.3782","-16.2637","1939"
"766","McArthur River Mine","/products/IDD60801/IDD60801.94239.shtml","94239","IDD60801","136.076","-16.4423","1968"
"767","Tindal","/products/IDD60801/IDD60801.94131.shtml","94131","IDD60801","132.3826","-14.5229","1969"
"768","Bradshaw-Koolendong Valley","/products/IDD60801/IDD60801.94222.shtml","94222","IDD60801","0","0","0"
"769","Delamere","/products/IDD60801/IDD60801.94225.shtml","94225","IDD60801","131.9181","-15.7441","1997"
"770","Victoria River Downs","/products/IDD60801/IDD60801.94232.shtml","94232","IDD60801","131.0145","-16.403","1885"
"771","Wave Hill (Kalkarindji)","/products/IDD60801/IDD60801.94229.shtml","94229","IDD60801","131.1166","-17.3869","1973"
"772","Brunette Downs","/products/IDD60801/IDD60801.94242.shtml","94242","IDD60801","135.945","-18.637","1891"
"773","Elliott","/products/IDD60801/IDD60801.94236.shtml","94236","IDD60801","133.5439","-17.5552","1949"
"774","Tennant Creek","/products/IDD60801/IDD60801.94238.shtml","94238","IDD60801","134.1833","-19.6423","1969"
"775","Alice Springs Airport","/products/IDD60801/IDD60801.94326.shtml","94326","IDD60801","133.889","-23.7951","1940"
"776","Arltunga","/products/IDD60801/IDD60801.95323.shtml","95323","IDD60801","134.6849","-23.4564","1988"
"777","Jervois","/products/IDD60801/IDD60801.94327.shtml","94327","IDD60801","136.1442","-22.9494","1966"
"778","Territory Grape Farm","/products/IDD60801/IDD60801.94328.shtml","94328","IDD60801","133.6377","-22.4518","1987"
"779","Curtin Springs","/products/IDD60801/IDD60801.94463.shtml","94463","IDD60801","131.7571","-25.3139","1953"
"780","Walungurru (Kintore)","/products/IDD60801/IDD60801.94321.shtml","94321","IDD60801","129.3844","-23.2656","2001"
"781","Watarrka","/products/IDD60801/IDD60801.94323.shtml","94323","IDD60801","131.549","-24.2918","1990"
"782","Yulara","/products/IDD60801/IDD60801.94462.shtml","94462","IDD60801","130.9737","-25.1896","1983"
"783","Lajamanu","/products/IDD60801/IDD60801.94231.shtml","94231","IDD60801","130.6361","-18.3324","1952"
"784","Rabbit Flat","/products/IDD60801/IDD60801.95322.shtml","95322","IDD60801","130.0148","-20.1823","1996"
"785","Yuendumu","/products/IDD60801/IDD60801.94324.shtml","94324","IDD60801","131.8011","-22.2565","1952"
"786","Argyle","/products/IDD60801/IDD60801.94217.shtml","94217","IDD60801","128.4517","-16.6381","1986"
"787","Giles*","/products/IDD60801/IDD60801.94461.shtml","94461","IDD60801","128.301","-25.0341","1956"
"788","Halls Creek","/products/IDD60801/IDD60801.94212.shtml","94212","IDD60801","127.6636","-18.2292","1944"
"789","Kalumburu","/products/IDD60801/IDD60801.94100.shtml","94100","IDD60801","126.6453","-14.2964","1997"
"790","Kununurra Airport","/products/IDD60801/IDD60801.94216.shtml","94216","IDD60801","128.71","-15.7814","1971"
"791","Troughton Island","/products/IDD60801/IDD60801.94102.shtml","94102","IDD60801","126.1485","-13.7542","1956"
"792","Truscott","/products/IDD60801/IDD60801.95101.shtml","95101","IDD60801","126.3867","-14.09","1944"
"793","Warburton","/products/IDD60801/IDD60801.94457.shtml","94457","IDD60801","126.5839","-26.1317","1940"
"794","Wyndham Airport","/products/IDD60801/IDD60801.95214.shtml","95214","IDD60801","128.1503","-15.51","1951"
"795","Camooweal","/products/IDD60801/IDD60801.94255.shtml","94255","IDD60801","138.1214","-19.9225","1891"
"796","Ernabella/Pukatja","/products/IDD60801/IDD60801.94474.shtml","94474","IDD60801","132.1771","-26.2635","1997"
