SiteID,SensorID,SensorName,StartDate,EndDate,DataType,UpperDepth,LowerDepth,Calibrated,Units,TotalDays,IsActive,NumGaps,TotalGapDays,Gapiness,MinimumValue,MaximumValue,MeanValue,StandardDeviation,HarvestDate
opSID_15178,243865,95cm PAW,NA,NA,PAW,95,95,TRUE,mm,NA,TRUE,NA,NA,NA,NA,NA,NA,NA,NA
opSID_15178,243858,25cm PAW,NA,NA,PAW,25,25,TRUE,mm,NA,TRUE,NA,NA,NA,NA,NA,NA,NA,NA
opSID_15178,243859,35cm PAW,NA,NA,PAW,35,35,TRUE,mm,NA,TRUE,NA,NA,NA,NA,NA,NA,NA,NA
opSID_15178,243860,45cm PAW,NA,NA,PAW,45,45,TRUE,mm,NA,TRUE,NA,NA,NA,NA,NA,NA,NA,NA
opSID_15178,243861,55cm PAW,NA,NA,PAW,55,55,TRUE,mm,NA,TRUE,NA,NA,NA,NA,NA,NA,NA,NA
opSID_15178,243862,65cm PAW,NA,NA,PAW,65,65,TRUE,mm,NA,TRUE,NA,NA,NA,NA,NA,NA,NA,NA
opSID_15178,243863,75cm PAW,NA,NA,PAW,75,75,TRUE,mm,NA,TRUE,NA,NA,NA,NA,NA,NA,NA,NA
opSID_15178,243864,85cm PAW,NA,NA,PAW,85,85,TRUE,mm,NA,TRUE,NA,NA,NA,NA,NA,NA,NA,NA
opSID_15178,224333,Rain,NA,NA,Rainfall,0,0,TRUE,mm,NA,TRUE,NA,NA,NA,NA,NA,NA,NA,NA
opSID_15178,233018,EnvPro_Salinity_10cm,NA,NA,Salinity,10,10,TRUE,dS/cm,NA,TRUE,NA,NA,NA,NA,NA,NA,NA,NA
opSID_15178,233019,EnvPro_Salinity_20cm,NA,NA,Salinity,20,20,TRUE,dS/cm,NA,TRUE,NA,NA,NA,NA,NA,NA,NA,NA
opSID_15178,233020,EnvPro_Salinity_30cm,NA,NA,Salinity,30,30,TRUE,dS/cm,NA,TRUE,NA,NA,NA,NA,NA,NA,NA,NA
opSID_15178,233021,EnvPro_Salinity_40cm,NA,NA,Salinity,40,40,TRUE,dS/cm,NA,TRUE,NA,NA,NA,NA,NA,NA,NA,NA
opSID_15178,233022,EnvPro_Salinity_50cm,NA,NA,Salinity,50,50,TRUE,dS/cm,NA,TRUE,NA,NA,NA,NA,NA,NA,NA,NA
opSID_15178,233023,EnvPro_Salinity_60cm,NA,NA,Salinity,60,60,TRUE,dS/cm,NA,TRUE,NA,NA,NA,NA,NA,NA,NA,NA
opSID_15178,233024,EnvPro_Salinity_70cm,NA,NA,Salinity,70,70,TRUE,dS/cm,NA,TRUE,NA,NA,NA,NA,NA,NA,NA,NA
opSID_15178,233025,EnvPro_Salinity_80cm,NA,NA,Salinity,80,80,TRUE,dS/cm,NA,TRUE,NA,NA,NA,NA,NA,NA,NA,NA
opSID_15178,233027,EnvPro_Temp_10cm,NA,NA,Soil-Temperature,10,10,TRUE,Degrees-Celcius,NA,TRUE,NA,NA,NA,NA,NA,NA,NA,NA
opSID_15178,233028,EnvPro_Temp_20cm,NA,NA,Soil-Temperature,20,20,TRUE,Degrees-Celcius,NA,TRUE,NA,NA,NA,NA,NA,NA,NA,NA
opSID_15178,233029,EnvPro_Temp_30cm,NA,NA,Soil-Temperature,30,30,TRUE,Degrees-Celcius,NA,TRUE,NA,NA,NA,NA,NA,NA,NA,NA
opSID_15178,233030,EnvPro_Temp_40cm,NA,NA,Soil-Temperature,40,40,TRUE,Degrees-Celcius,NA,TRUE,NA,NA,NA,NA,NA,NA,NA,NA
opSID_15178,233009,EnvPro_Moisture_10cm,NA,NA,Soil-Moisture,10,10,TRUE,Percent,NA,TRUE,NA,NA,NA,NA,NA,NA,NA,NA
opSID_15178,233010,EnvPro_Moisture_20cm,NA,NA,Soil-Moisture,20,20,TRUE,Percent,NA,TRUE,NA,NA,NA,NA,NA,NA,NA,NA
opSID_15178,233011,EnvPro_Moisture_30cm,NA,NA,Soil-Moisture,30,30,TRUE,Percent,NA,TRUE,NA,NA,NA,NA,NA,NA,NA,NA
opSID_15178,233012,EnvPro_Moisture_40cm,NA,NA,Soil-Moisture,40,40,TRUE,Percent,NA,TRUE,NA,NA,NA,NA,NA,NA,NA,NA
opSID_15178,233013,EnvPro_Moisture_50cm,NA,NA,Soil-Moisture,50,50,TRUE,Percent,NA,TRUE,NA,NA,NA,NA,NA,NA,NA,NA
opSID_15178,233014,EnvPro_Moisture_60cm,NA,NA,Soil-Moisture,60,60,TRUE,Percent,NA,TRUE,NA,NA,NA,NA,NA,NA,NA,NA
opSID_15178,233015,EnvPro_Moisture_70cm,NA,NA,Soil-Moisture,70,70,TRUE,Percent,NA,TRUE,NA,NA,NA,NA,NA,NA,NA,NA
opSID_15178,233016,EnvPro_Moisture_80cm,NA,NA,Soil-Moisture,80,80,TRUE,Percent,NA,TRUE,NA,NA,NA,NA,NA,NA,NA,NA
opSID_15178,233031,EnvPro_Temp_50cm,NA,NA,Soil-Temperature,50,50,TRUE,Degrees-Celcius,NA,TRUE,NA,NA,NA,NA,NA,NA,NA,NA
opSID_15178,233032,EnvPro_Temp_60cm,NA,NA,Soil-Temperature,60,60,TRUE,Degrees-Celcius,NA,TRUE,NA,NA,NA,NA,NA,NA,NA,NA
opSID_15178,233033,EnvPro_Temp_70cm,NA,NA,Soil-Temperature,70,70,TRUE,Degrees-Celcius,NA,TRUE,NA,NA,NA,NA,NA,NA,NA,NA
opSID_15178,233034,EnvPro_Temp_80cm,NA,NA,Soil-Temperature,80,80,TRUE,Degrees-Celcius,NA,TRUE,NA,NA,NA,NA,NA,NA,NA,NA
opSID_15178,233039,TBSHT01_Humidity,NA,NA,Humidity,0,0,TRUE,Percent,NA,TRUE,NA,NA,NA,NA,NA,NA,NA,NA
opSID_15178,233040,TBSHT01_Temp,NA,NA,Temperature,0,0,TRUE,Degrees-Celcius,NA,TRUE,NA,NA,NA,NA,NA,NA,NA,NA
opSID_15180,245011,10cm PAW,NA,NA,PAW,10,10,TRUE,mm,NA,TRUE,NA,NA,NA,NA,NA,NA,NA,NA
opSID_15180,245005,25cm PAW,NA,NA,PAW,25,25,TRUE,mm,NA,TRUE,NA,NA,NA,NA,NA,NA,NA,NA
opSID_15180,245006,35cm PAW,NA,NA,PAW,35,35,TRUE,mm,NA,TRUE,NA,NA,NA,NA,NA,NA,NA,NA
opSID_15180,245007,45cm PAW,NA,NA,PAW,45,45,TRUE,mm,NA,TRUE,NA,NA,NA,NA,NA,NA,NA,NA
opSID_15180,245008,55cm PAW,NA,NA,PAW,55,55,TRUE,mm,NA,TRUE,NA,NA,NA,NA,NA,NA,NA,NA
opSID_15180,245010,75cm PAW,NA,NA,PAW,75,75,TRUE,mm,NA,TRUE,NA,NA,NA,NA,NA,NA,NA,NA
opSID_15180,245012,85cm PAW,NA,NA,PAW,85,85,TRUE,mm,NA,TRUE,NA,NA,NA,NA,NA,NA,NA,NA
opSID_15180,245004,95cm PAW,NA,NA,PAW,95,95,TRUE,mm,NA,TRUE,NA,NA,NA,NA,NA,NA,NA,NA
opSID_15180,245009,65cm PAW,NA,NA,PAW,65,65,TRUE,mm,NA,TRUE,NA,NA,NA,NA,NA,NA,NA,NA
opSID_15180,224358,Rain,NA,NA,Rainfall,0,0,TRUE,mm,NA,TRUE,NA,NA,NA,NA,NA,NA,NA,NA
opSID_15180,233051,EnvPro_Salinity_10cm,NA,NA,Salinity,10,10,TRUE,dS/cm,NA,TRUE,NA,NA,NA,NA,NA,NA,NA,NA
opSID_15180,233052,EnvPro_Salinity_20cm,NA,NA,Salinity,20,20,TRUE,dS/cm,NA,TRUE,NA,NA,NA,NA,NA,NA,NA,NA
opSID_15180,233053,EnvPro_Salinity_30cm,NA,NA,Salinity,30,30,TRUE,dS/cm,NA,TRUE,NA,NA,NA,NA,NA,NA,NA,NA
opSID_15180,233054,EnvPro_Salinity_40cm,NA,NA,Salinity,40,40,TRUE,dS/cm,NA,TRUE,NA,NA,NA,NA,NA,NA,NA,NA
opSID_15180,233055,EnvPro_Salinity_50cm,NA,NA,Salinity,50,50,TRUE,dS/cm,NA,TRUE,NA,NA,NA,NA,NA,NA,NA,NA
opSID_15180,233056,EnvPro_Salinity_60cm,NA,NA,Salinity,60,60,TRUE,dS/cm,NA,TRUE,NA,NA,NA,NA,NA,NA,NA,NA
opSID_15180,233057,EnvPro_Salinity_70cm,NA,NA,Salinity,70,70,TRUE,dS/cm,NA,TRUE,NA,NA,NA,NA,NA,NA,NA,NA
opSID_15180,233058,EnvPro_Salinity_80cm,NA,NA,Salinity,80,80,TRUE,dS/cm,NA,TRUE,NA,NA,NA,NA,NA,NA,NA,NA
opSID_15180,233060,EnvPro_Temp_10cm,NA,NA,Soil-Temperature,10,10,TRUE,Degrees-Celcius,NA,TRUE,NA,NA,NA,NA,NA,NA,NA,NA
opSID_15180,233061,EnvPro_Temp_20cm,NA,NA,Soil-Temperature,20,20,TRUE,Degrees-Celcius,NA,TRUE,NA,NA,NA,NA,NA,NA,NA,NA
opSID_15180,233062,EnvPro_Temp_30cm,NA,NA,Soil-Temperature,30,30,TRUE,Degrees-Celcius,NA,TRUE,NA,NA,NA,NA,NA,NA,NA,NA
opSID_15180,233063,EnvPro_Temp_40cm,NA,NA,Soil-Temperature,40,40,TRUE,Degrees-Celcius,NA,TRUE,NA,NA,NA,NA,NA,NA,NA,NA
opSID_15180,233042,EnvPro_Moisture_10cm,NA,NA,Soil-Moisture,10,10,TRUE,Percent,NA,TRUE,NA,NA,NA,NA,NA,NA,NA,NA
opSID_15180,233043,EnvPro_Moisture_20cm,NA,NA,Soil-Moisture,20,20,TRUE,Percent,NA,TRUE,NA,NA,NA,NA,NA,NA,NA,NA
opSID_15180,233044,EnvPro_Moisture_30cm,NA,NA,Soil-Moisture,30,30,TRUE,Percent,NA,TRUE,NA,NA,NA,NA,NA,NA,NA,NA
opSID_15180,233045,EnvPro_Moisture_40cm,NA,NA,Soil-Moisture,40,40,TRUE,Percent,NA,TRUE,NA,NA,NA,NA,NA,NA,NA,NA
opSID_15180,233046,EnvPro_Moisture_50cm,NA,NA,Soil-Moisture,50,50,TRUE,Percent,NA,TRUE,NA,NA,NA,NA,NA,NA,NA,NA
opSID_15180,233047,EnvPro_Moisture_60cm,NA,NA,Soil-Moisture,60,60,TRUE,Percent,NA,TRUE,NA,NA,NA,NA,NA,NA,NA,NA
opSID_15180,233048,EnvPro_Moisture_70cm,NA,NA,Soil-Moisture,70,70,TRUE,Percent,NA,TRUE,NA,NA,NA,NA,NA,NA,NA,NA
opSID_15180,233049,EnvPro_Moisture_80cm,NA,NA,Soil-Moisture,80,80,TRUE,Percent,NA,TRUE,NA,NA,NA,NA,NA,NA,NA,NA
opSID_15180,233064,EnvPro_Temp_50cm,NA,NA,Soil-Temperature,50,50,TRUE,Degrees-Celcius,NA,TRUE,NA,NA,NA,NA,NA,NA,NA,NA
opSID_15180,233065,EnvPro_Temp_60cm,NA,NA,Soil-Temperature,60,60,TRUE,Degrees-Celcius,NA,TRUE,NA,NA,NA,NA,NA,NA,NA,NA
opSID_15180,233066,EnvPro_Temp_70cm,NA,NA,Soil-Temperature,70,70,TRUE,Degrees-Celcius,NA,TRUE,NA,NA,NA,NA,NA,NA,NA,NA
opSID_15180,233067,EnvPro_Temp_80cm,NA,NA,Soil-Temperature,80,80,TRUE,Degrees-Celcius,NA,TRUE,NA,NA,NA,NA,NA,NA,NA,NA
opSID_15180,233072,Humidity,NA,NA,Humidity,0,0,TRUE,Percent,NA,TRUE,NA,NA,NA,NA,NA,NA,NA,NA
opSID_15180,233073,Temp,NA,NA,Temperature,0,0,TRUE,Degrees-Celcius,NA,TRUE,NA,NA,NA,NA,NA,NA,NA,NA
opSID_15182,252091,10cm PAW,NA,NA,PAW,10,10,TRUE,mm,NA,TRUE,NA,NA,NA,NA,NA,NA,NA,NA
opSID_15182,243468,25cm PAW,NA,NA,PAW,25,25,TRUE,mm,NA,TRUE,NA,NA,NA,NA,NA,NA,NA,NA
opSID_15182,243469,35cm PAW,NA,NA,PAW,35,35,TRUE,mm,NA,TRUE,NA,NA,NA,NA,NA,NA,NA,NA
opSID_15182,243470,45cm PAW,NA,NA,PAW,45,45,TRUE,mm,NA,TRUE,NA,NA,NA,NA,NA,NA,NA,NA
opSID_15182,243471,55cm PAW,NA,NA,PAW,55,55,TRUE,mm,NA,TRUE,NA,NA,NA,NA,NA,NA,NA,NA
opSID_15182,243472,65cm PAW,NA,NA,PAW,65,65,TRUE,mm,NA,TRUE,NA,NA,NA,NA,NA,NA,NA,NA
opSID_15182,243480,85cm PAW,NA,NA,PAW,85,85,TRUE,mm,NA,TRUE,NA,NA,NA,NA,NA,NA,NA,NA
opSID_15182,243473,75cm PAW,NA,NA,PAW,75,75,TRUE,mm,NA,TRUE,NA,NA,NA,NA,NA,NA,NA,NA
opSID_15182,243481,95cm PAW,NA,NA,PAW,95,95,TRUE,mm,NA,TRUE,NA,NA,NA,NA,NA,NA,NA,NA
opSID_15182,224382,Rain,NA,NA,Rainfall,0,0,TRUE,mm,NA,TRUE,NA,NA,NA,NA,NA,NA,NA,NA
opSID_15182,233108,EnvPro_Moisture_10cm,NA,NA,Soil-Moisture,10,10,TRUE,Percent,NA,TRUE,NA,NA,NA,NA,NA,NA,NA,NA
opSID_15182,233109,EnvPro_Moisture_20cm,NA,NA,Soil-Moisture,20,20,TRUE,Percent,NA,TRUE,NA,NA,NA,NA,NA,NA,NA,NA
opSID_15182,233110,EnvPro_Moisture_30cm,NA,NA,Soil-Moisture,30,30,TRUE,Percent,NA,TRUE,NA,NA,NA,NA,NA,NA,NA,NA
opSID_15182,233111,EnvPro_Moisture_40cm,NA,NA,Soil-Moisture,40,40,TRUE,Percent,NA,TRUE,NA,NA,NA,NA,NA,NA,NA,NA
opSID_15182,233112,EnvPro_Moisture_50cm,NA,NA,Soil-Moisture,50,50,TRUE,Percent,NA,TRUE,NA,NA,NA,NA,NA,NA,NA,NA
opSID_15182,233113,EnvPro_Moisture_60cm,NA,NA,Soil-Moisture,60,60,TRUE,Percent,NA,TRUE,NA,NA,NA,NA,NA,NA,NA,NA
opSID_15182,233114,EnvPro_Moisture_70cm,NA,NA,Soil-Moisture,70,70,TRUE,Percent,NA,TRUE,NA,NA,NA,NA,NA,NA,NA,NA
opSID_15182,233115,EnvPro_Moisture_80cm,NA,NA,Soil-Moisture,80,80,TRUE,Percent,NA,TRUE,NA,NA,NA,NA,NA,NA,NA,NA
opSID_15182,233117,EnvPro_Salinity_10cm,NA,NA,Salinity,10,10,TRUE,dS/cm,NA,TRUE,NA,NA,NA,NA,NA,NA,NA,NA
opSID_15182,233118,EnvPro_Salinity_20cm,NA,NA,Salinity,20,20,TRUE,dS/cm,NA,TRUE,NA,NA,NA,NA,NA,NA,NA,NA
opSID_15182,233119,EnvPro_Salinity_30cm,NA,NA,Salinity,30,30,TRUE,dS/cm,NA,TRUE,NA,NA,NA,NA,NA,NA,NA,NA
opSID_15182,233120,EnvPro_Salinity_40cm,NA,NA,Salinity,40,40,TRUE,dS/cm,NA,TRUE,NA,NA,NA,NA,NA,NA,NA,NA
opSID_15182,233121,EnvPro_Salinity_50cm,NA,NA,Salinity,50,50,TRUE,dS/cm,NA,TRUE,NA,NA,NA,NA,NA,NA,NA,NA
opSID_15182,233122,EnvPro_Salinity_60cm,NA,NA,Salinity,60,60,TRUE,dS/cm,NA,TRUE,NA,NA,NA,NA,NA,NA,NA,NA
opSID_15182,233123,EnvPro_Salinity_70cm,NA,NA,Salinity,70,70,TRUE,dS/cm,NA,TRUE,NA,NA,NA,NA,NA,NA,NA,NA
opSID_15182,233124,EnvPro_Salinity_80cm,NA,NA,Salinity,80,80,TRUE,dS/cm,NA,TRUE,NA,NA,NA,NA,NA,NA,NA,NA
opSID_15182,233125,EPS80F01_Temp,NA,NA,Temperature,0,0,TRUE,Degrees-Celcius,NA,TRUE,NA,NA,NA,NA,NA,NA,NA,NA
opSID_15182,233126,EnvPro_Temp_10cm,NA,NA,Soil-Temperature,10,10,TRUE,Degrees-Celcius,NA,TRUE,NA,NA,NA,NA,NA,NA,NA,NA
opSID_15182,233127,EnvPro_Temp_20cm,NA,NA,Soil-Temperature,20,20,TRUE,Degrees-Celcius,NA,TRUE,NA,NA,NA,NA,NA,NA,NA,NA
opSID_15182,233128,EnvPro_Temp_30cm,NA,NA,Soil-Temperature,30,30,TRUE,Degrees-Celcius,NA,TRUE,NA,NA,NA,NA,NA,NA,NA,NA
opSID_15182,233129,EnvPro_Temp_40cm,NA,NA,Soil-Temperature,40,40,TRUE,Degrees-Celcius,NA,TRUE,NA,NA,NA,NA,NA,NA,NA,NA
opSID_15182,233130,EnvPro_Temp_50cm,NA,NA,Soil-Temperature,50,50,TRUE,Degrees-Celcius,NA,TRUE,NA,NA,NA,NA,NA,NA,NA,NA
opSID_15182,233131,EnvPro_Temp_60cm,NA,NA,Soil-Temperature,60,60,TRUE,Degrees-Celcius,NA,TRUE,NA,NA,NA,NA,NA,NA,NA,NA
opSID_15182,233132,EnvPro_Temp_70cm,NA,NA,Soil-Temperature,70,70,TRUE,Degrees-Celcius,NA,TRUE,NA,NA,NA,NA,NA,NA,NA,NA
opSID_15182,233133,EnvPro_Temp_80cm,NA,NA,Soil-Temperature,80,80,TRUE,Degrees-Celcius,NA,TRUE,NA,NA,NA,NA,NA,NA,NA,NA
opSID_15182,233138,TBSHT01_Humidity,NA,NA,Humidity,0,0,TRUE,Percent,NA,TRUE,NA,NA,NA,NA,NA,NA,NA,NA
opSID_15182,233139,TBSHT01_Temp,NA,NA,Temperature,0,0,TRUE,Degrees-Celcius,NA,TRUE,NA,NA,NA,NA,NA,NA,NA,NA
opSID_15184,235505,10cm PAW,NA,NA,PAW,10,10,TRUE,mm,NA,TRUE,NA,NA,NA,NA,NA,NA,NA,NA
opSID_15184,235506,25cm PAW,NA,NA,PAW,25,25,TRUE,mm,NA,TRUE,NA,NA,NA,NA,NA,NA,NA,NA
opSID_15184,235507,35cm PAW,NA,NA,PAW,35,35,TRUE,mm,NA,TRUE,NA,NA,NA,NA,NA,NA,NA,NA
opSID_15184,235508,45cm PAW,NA,NA,PAW,45,45,TRUE,mm,NA,TRUE,NA,NA,NA,NA,NA,NA,NA,NA
opSID_15184,235509,55cm PAW,NA,NA,PAW,55,55,TRUE,mm,NA,TRUE,NA,NA,NA,NA,NA,NA,NA,NA
opSID_15184,235510,65cm PAW,NA,NA,PAW,65,65,TRUE,mm,NA,TRUE,NA,NA,NA,NA,NA,NA,NA,NA
opSID_15184,235511,75cm PAW,NA,NA,PAW,75,75,TRUE,mm,NA,TRUE,NA,NA,NA,NA,NA,NA,NA,NA
opSID_15184,235512,85cm PAW,NA,NA,PAW,85,85,TRUE,mm,NA,TRUE,NA,NA,NA,NA,NA,NA,NA,NA
opSID_15184,235513,95cm PAW,NA,NA,PAW,95,95,TRUE,mm,NA,TRUE,NA,NA,NA,NA,NA,NA,NA,NA
opSID_15184,224406,Rain,NA,NA,Rainfall,0,0,TRUE,mm,NA,TRUE,NA,NA,NA,NA,NA,NA,NA,NA
opSID_15184,228966,EnvPro_Moisture_80cm,NA,NA,Soil-Moisture,80,80,TRUE,Percent,NA,TRUE,NA,NA,NA,NA,NA,NA,NA,NA
opSID_15184,228967,EnvPro_Moisture_10cm,NA,NA,Soil-Moisture,10,10,TRUE,Percent,NA,TRUE,NA,NA,NA,NA,NA,NA,NA,NA
opSID_15184,228968,EnvPro_Moisture_20cm,NA,NA,Soil-Moisture,20,20,TRUE,Percent,NA,TRUE,NA,NA,NA,NA,NA,NA,NA,NA
opSID_15184,228969,EnvPro_Moisture_30cm,NA,NA,Soil-Moisture,30,30,TRUE,Percent,NA,TRUE,NA,NA,NA,NA,NA,NA,NA,NA
opSID_15184,228970,EnvPro_Moisture_40cm,NA,NA,Soil-Moisture,40,40,TRUE,Percent,NA,TRUE,NA,NA,NA,NA,NA,NA,NA,NA
opSID_15184,228971,EnvPro_Moisture_50cm,NA,NA,Soil-Moisture,50,50,TRUE,Percent,NA,TRUE,NA,NA,NA,NA,NA,NA,NA,NA
opSID_15184,228972,EnvPro_Moisture_60cm,NA,NA,Soil-Moisture,60,60,TRUE,Percent,NA,TRUE,NA,NA,NA,NA,NA,NA,NA,NA
opSID_15184,228973,EnvPro_Moisture_70cm,NA,NA,Soil-Moisture,70,70,TRUE,Percent,NA,TRUE,NA,NA,NA,NA,NA,NA,NA,NA
opSID_15184,228976,EnvPro_Salinity_80cm,NA,NA,Salinity,80,80,TRUE,dS/cm,NA,TRUE,NA,NA,NA,NA,NA,NA,NA,NA
opSID_15184,228977,EnvPro_Salinity_10cm,NA,NA,Salinity,10,10,TRUE,dS/cm,NA,TRUE,NA,NA,NA,NA,NA,NA,NA,NA
opSID_15184,228978,EnvPro_Salinity_20cm,NA,NA,Salinity,20,20,TRUE,dS/cm,NA,TRUE,NA,NA,NA,NA,NA,NA,NA,NA
opSID_15184,228979,EnvPro_Salinity_30cm,NA,NA,Salinity,30,30,TRUE,dS/cm,NA,TRUE,NA,NA,NA,NA,NA,NA,NA,NA
opSID_15184,228980,EnvPro_Salinity_40cm,NA,NA,Salinity,40,40,TRUE,dS/cm,NA,TRUE,NA,NA,NA,NA,NA,NA,NA,NA
opSID_15184,228981,EnvPro_Salinity_50cm,NA,NA,Salinity,50,50,TRUE,dS/cm,NA,TRUE,NA,NA,NA,NA,NA,NA,NA,NA
opSID_15184,228982,EnvPro_Salinity_60cm,NA,NA,Salinity,60,60,TRUE,dS/cm,NA,TRUE,NA,NA,NA,NA,NA,NA,NA,NA
opSID_15184,228983,EnvPro_Salinity_70cm,NA,NA,Salinity,70,70,TRUE,dS/cm,NA,TRUE,NA,NA,NA,NA,NA,NA,NA,NA
opSID_15184,228984,EPS80F01_Temp,NA,NA,Temperature,0,0,TRUE,Degrees-Celcius,NA,TRUE,NA,NA,NA,NA,NA,NA,NA,NA
opSID_15184,228985,EnvPro_Temp_80cm,NA,NA,Soil-Temperature,80,80,TRUE,Degrees-Celcius,NA,TRUE,NA,NA,NA,NA,NA,NA,NA,NA
opSID_15184,228986,EnvPro_Temp_10cm,NA,NA,Soil-Temperature,10,10,TRUE,Degrees-Celcius,NA,TRUE,NA,NA,NA,NA,NA,NA,NA,NA
opSID_15184,228987,EnvPro_Temp_20cm,NA,NA,Soil-Temperature,20,20,TRUE,Degrees-Celcius,NA,TRUE,NA,NA,NA,NA,NA,NA,NA,NA
opSID_15184,228988,EnvPro_Temp_30cm,NA,NA,Soil-Temperature,30,30,TRUE,Degrees-Celcius,NA,TRUE,NA,NA,NA,NA,NA,NA,NA,NA
opSID_15184,228989,EnvPro_Temp_40cm,NA,NA,Soil-Temperature,40,40,TRUE,Degrees-Celcius,NA,TRUE,NA,NA,NA,NA,NA,NA,NA,NA
opSID_15184,228990,EnvPro_Temp_50cm,NA,NA,Soil-Temperature,50,50,TRUE,Degrees-Celcius,NA,TRUE,NA,NA,NA,NA,NA,NA,NA,NA
opSID_15184,228991,EnvPro_Temp_60cm,NA,NA,Soil-Temperature,60,60,TRUE,Degrees-Celcius,NA,TRUE,NA,NA,NA,NA,NA,NA,NA,NA
opSID_15184,228992,EnvPro_Temp_70cm,NA,NA,Soil-Temperature,70,70,TRUE,Degrees-Celcius,NA,TRUE,NA,NA,NA,NA,NA,NA,NA,NA
opSID_15184,233584,TBSHT01_Humidity,NA,NA,Humidity,0,0,TRUE,Percent,NA,TRUE,NA,NA,NA,NA,NA,NA,NA,NA
opSID_15184,233585,TBSHT01_Temp,NA,NA,Temperature,0,0,TRUE,Degrees-Celcius,NA,TRUE,NA,NA,NA,NA,NA,NA,NA,NA
opSID_15190,235514,10cm PAW,NA,NA,PAW,10,10,TRUE,mm,NA,TRUE,NA,NA,NA,NA,NA,NA,NA,NA
opSID_15190,235515,25cm PAW,NA,NA,PAW,25,25,TRUE,mm,NA,TRUE,NA,NA,NA,NA,NA,NA,NA,NA
opSID_15190,235516,35cm PAW,NA,NA,PAW,35,35,TRUE,mm,NA,TRUE,NA,NA,NA,NA,NA,NA,NA,NA
opSID_15190,235517,45cm PAW,NA,NA,PAW,45,45,TRUE,mm,NA,TRUE,NA,NA,NA,NA,NA,NA,NA,NA
opSID_15190,235519,65cm PAW,NA,NA,PAW,65,65,TRUE,mm,NA,TRUE,NA,NA,NA,NA,NA,NA,NA,NA
opSID_15190,235520,75cm PAW,NA,NA,PAW,75,75,TRUE,mm,NA,TRUE,NA,NA,NA,NA,NA,NA,NA,NA
opSID_15190,235522,95cm PAW,NA,NA,PAW,95,95,TRUE,mm,NA,TRUE,NA,NA,NA,NA,NA,NA,NA,NA
opSID_15190,235518,55cm PAW,NA,NA,PAW,55,55,TRUE,mm,NA,TRUE,NA,NA,NA,NA,NA,NA,NA,NA
opSID_15190,235521,85cm PAW,NA,NA,PAW,85,85,TRUE,mm,NA,TRUE,NA,NA,NA,NA,NA,NA,NA,NA
opSID_15190,224478,Rain,NA,NA,Rainfall,0,0,TRUE,mm,NA,TRUE,NA,NA,NA,NA,NA,NA,NA,NA
opSID_15190,232329,EnvPro_Moisture_10cm,NA,NA,Soil-Moisture,10,10,TRUE,Percent,NA,TRUE,NA,NA,NA,NA,NA,NA,NA,NA
opSID_15190,232330,EnvPro_Moisture_20cm,NA,NA,Soil-Moisture,20,20,TRUE,Percent,NA,TRUE,NA,NA,NA,NA,NA,NA,NA,NA
opSID_15190,232331,EnvPro_Moisture_30cm,NA,NA,Soil-Moisture,30,30,TRUE,Percent,NA,TRUE,NA,NA,NA,NA,NA,NA,NA,NA
opSID_15190,232332,EnvPro_Moisture_40cm,NA,NA,Soil-Moisture,40,40,TRUE,Percent,NA,TRUE,NA,NA,NA,NA,NA,NA,NA,NA
opSID_15190,232333,EnvPro_Moisture_50cm,NA,NA,Soil-Moisture,50,50,TRUE,Percent,NA,TRUE,NA,NA,NA,NA,NA,NA,NA,NA
opSID_15190,232334,EnvPro_Moisture_60cm,NA,NA,Soil-Moisture,60,60,TRUE,Percent,NA,TRUE,NA,NA,NA,NA,NA,NA,NA,NA
opSID_15190,232335,EnvPro_Moisture_70cm,NA,NA,Soil-Moisture,70,70,TRUE,Percent,NA,TRUE,NA,NA,NA,NA,NA,NA,NA,NA
opSID_15190,232336,EnvPro_Moisture_80cm,NA,NA,Soil-Moisture,80,80,TRUE,Percent,NA,TRUE,NA,NA,NA,NA,NA,NA,NA,NA
opSID_15190,232339,EnvPro_Salinity_10cm,NA,NA,Salinity,10,10,TRUE,dS/cm,NA,TRUE,NA,NA,NA,NA,NA,NA,NA,NA
opSID_15190,232340,EnvPro_Salinity_20cm,NA,NA,Salinity,20,20,TRUE,dS/cm,NA,TRUE,NA,NA,NA,NA,NA,NA,NA,NA
opSID_15190,232341,EnvPro_Salinity_30cm,NA,NA,Salinity,30,30,TRUE,dS/cm,NA,TRUE,NA,NA,NA,NA,NA,NA,NA,NA
opSID_15190,232342,EnvPro_Salinity_40cm,NA,NA,Salinity,40,40,TRUE,dS/cm,NA,TRUE,NA,NA,NA,NA,NA,NA,NA,NA
opSID_15190,232343,EnvPro_Salinity_50cm,NA,NA,Salinity,50,50,TRUE,dS/cm,NA,TRUE,NA,NA,NA,NA,NA,NA,NA,NA
opSID_15190,232344,EnvPro_Salinity_60cm,NA,NA,Salinity,60,60,TRUE,dS/cm,NA,TRUE,NA,NA,NA,NA,NA,NA,NA,NA
opSID_15190,232345,EnvPro_Salinity_70cm,NA,NA,Salinity,70,70,TRUE,dS/cm,NA,TRUE,NA,NA,NA,NA,NA,NA,NA,NA
opSID_15190,232346,EnvPro_Salinity_80cm,NA,NA,Salinity,80,80,TRUE,dS/cm,NA,TRUE,NA,NA,NA,NA,NA,NA,NA,NA
opSID_15190,232348,EnvPro_Temp_10cm,NA,NA,Soil-Temperature,10,10,TRUE,Degrees-Celcius,NA,TRUE,NA,NA,NA,NA,NA,NA,NA,NA
opSID_15190,232349,EnvPro_Temp_20cm,NA,NA,Soil-Temperature,20,20,TRUE,Degrees-Celcius,NA,TRUE,NA,NA,NA,NA,NA,NA,NA,NA
opSID_15190,232350,EnvPro_Temp_30cm,NA,NA,Soil-Temperature,30,30,TRUE,Degrees-Celcius,NA,TRUE,NA,NA,NA,NA,NA,NA,NA,NA
opSID_15190,232351,EnvPro_Temp_40cm,NA,NA,Soil-Temperature,40,40,TRUE,Degrees-Celcius,NA,TRUE,NA,NA,NA,NA,NA,NA,NA,NA
opSID_15190,232352,EnvPro_Temp_50cm,NA,NA,Soil-Temperature,50,50,TRUE,Degrees-Celcius,NA,TRUE,NA,NA,NA,NA,NA,NA,NA,NA
opSID_15190,232353,EnvPro_Temp_60cm,NA,NA,Soil-Temperature,60,60,TRUE,Degrees-Celcius,NA,TRUE,NA,NA,NA,NA,NA,NA,NA,NA
opSID_15190,232354,EnvPro_Temp_70cm,NA,NA,Soil-Temperature,70,70,TRUE,Degrees-Celcius,NA,TRUE,NA,NA,NA,NA,NA,NA,NA,NA
opSID_15190,232355,EnvPro_Temp_80cm,NA,NA,Soil-Temperature,80,80,TRUE,Degrees-Celcius,NA,TRUE,NA,NA,NA,NA,NA,NA,NA,NA
opSID_15190,232357,TBSHT01_Humidity,NA,NA,Humidity,0,0,TRUE,Percent,NA,TRUE,NA,NA,NA,NA,NA,NA,NA,NA
opSID_15190,232358,TBSHT01_Temp,NA,NA,Temperature,0,0,TRUE,Degrees-Celcius,NA,TRUE,NA,NA,NA,NA,NA,NA,NA,NA
opSID_15205,243625,25cm PAW,NA,NA,PAW,25,25,TRUE,mm,NA,TRUE,NA,NA,NA,NA,NA,NA,NA,NA
opSID_15205,243633,35cm PAW,NA,NA,PAW,35,35,TRUE,mm,NA,TRUE,NA,NA,NA,NA,NA,NA,NA,NA
opSID_15205,243626,45cm PAW,NA,NA,PAW,45,45,TRUE,mm,NA,TRUE,NA,NA,NA,NA,NA,NA,NA,NA
opSID_15205,243627,55cm PAW,NA,NA,PAW,55,55,TRUE,mm,NA,TRUE,NA,NA,NA,NA,NA,NA,NA,NA
opSID_15205,243628,65cm PAW,NA,NA,PAW,65,65,TRUE,mm,NA,TRUE,NA,NA,NA,NA,NA,NA,NA,NA
opSID_15205,243629,75cm PAW,NA,NA,PAW,75,75,TRUE,mm,NA,TRUE,NA,NA,NA,NA,NA,NA,NA,NA
opSID_15205,243630,85cm PAW,NA,NA,PAW,85,85,TRUE,mm,NA,TRUE,NA,NA,NA,NA,NA,NA,NA,NA
opSID_15205,243631,95cm PAW,NA,NA,PAW,95,95,TRUE,mm,NA,TRUE,NA,NA,NA,NA,NA,NA,NA,NA
opSID_15205,224784,Rain,NA,NA,Rainfall,0,0,TRUE,mm,NA,TRUE,NA,NA,NA,NA,NA,NA,NA,NA
opSID_15205,233240,EnvPro_Moisture_10cm,NA,NA,Soil-Moisture,10,10,TRUE,Percent,NA,TRUE,NA,NA,NA,NA,NA,NA,NA,NA
opSID_15205,233241,EnvPro_Moisture_20cm,NA,NA,Soil-Moisture,20,20,TRUE,Percent,NA,TRUE,NA,NA,NA,NA,NA,NA,NA,NA
opSID_15205,233242,EnvPro_Moisture_30cm,NA,NA,Soil-Moisture,30,30,TRUE,Percent,NA,TRUE,NA,NA,NA,NA,NA,NA,NA,NA
opSID_15205,233243,EnvPro_Moisture_40cm,NA,NA,Soil-Moisture,40,40,TRUE,Percent,NA,TRUE,NA,NA,NA,NA,NA,NA,NA,NA
opSID_15205,233244,EnvPro_Moisture_50cm,NA,NA,Soil-Moisture,50,50,TRUE,Percent,NA,TRUE,NA,NA,NA,NA,NA,NA,NA,NA
opSID_15205,233245,EnvPro_Moisture_60cm,NA,NA,Soil-Moisture,60,60,TRUE,Percent,NA,TRUE,NA,NA,NA,NA,NA,NA,NA,NA
opSID_15205,233246,EnvPro_Moisture_70cm,NA,NA,Soil-Moisture,70,70,TRUE,Percent,NA,TRUE,NA,NA,NA,NA,NA,NA,NA,NA
opSID_15205,233247,EnvPro_Moisture_80cm,NA,NA,Soil-Moisture,80,80,TRUE,Percent,NA,TRUE,NA,NA,NA,NA,NA,NA,NA,NA
opSID_15205,233249,EnvPro_Salinity_10cm,NA,NA,Salinity,10,10,TRUE,dS/cm,NA,TRUE,NA,NA,NA,NA,NA,NA,NA,NA
opSID_15205,233250,EnvPro_Salinity_20cm,NA,NA,Salinity,20,20,TRUE,dS/cm,NA,TRUE,NA,NA,NA,NA,NA,NA,NA,NA
opSID_15205,233251,EnvPro_Salinity_30cm,NA,NA,Salinity,30,30,TRUE,dS/cm,NA,TRUE,NA,NA,NA,NA,NA,NA,NA,NA
opSID_15205,233252,EnvPro_Salinity_40cm,NA,NA,Salinity,40,40,TRUE,dS/cm,NA,TRUE,NA,NA,NA,NA,NA,NA,NA,NA
opSID_15205,233253,EnvPro_Salinity_50cm,NA,NA,Salinity,50,50,TRUE,dS/cm,NA,TRUE,NA,NA,NA,NA,NA,NA,NA,NA
opSID_15205,233254,EnvPro_Salinity_60cm,NA,NA,Salinity,60,60,TRUE,dS/cm,NA,TRUE,NA,NA,NA,NA,NA,NA,NA,NA
opSID_15205,233255,EnvPro_Salinity_70cm,NA,NA,Salinity,70,70,TRUE,dS/cm,NA,TRUE,NA,NA,NA,NA,NA,NA,NA,NA
opSID_15205,233256,EnvPro_Salinity_80cm,NA,NA,Salinity,80,80,TRUE,dS/cm,NA,TRUE,NA,NA,NA,NA,NA,NA,NA,NA
opSID_15205,233257,EPS80F01_Temp,NA,NA,Temperature,0,0,TRUE,Degrees-Celcius,NA,TRUE,NA,NA,NA,NA,NA,NA,NA,NA
opSID_15205,233258,EnvPro_Temp_10cm,NA,NA,Soil-Temperature,10,10,TRUE,Degrees-Celcius,NA,TRUE,NA,NA,NA,NA,NA,NA,NA,NA
opSID_15205,233259,EnvPro_Temp_20cm,NA,NA,Soil-Temperature,20,20,TRUE,Degrees-Celcius,NA,TRUE,NA,NA,NA,NA,NA,NA,NA,NA
opSID_15205,233260,EnvPro_Temp_30cm,NA,NA,Soil-Temperature,30,30,TRUE,Degrees-Celcius,NA,TRUE,NA,NA,NA,NA,NA,NA,NA,NA
opSID_15205,233261,EnvPro_Temp_40cm,NA,NA,Soil-Temperature,40,40,TRUE,Degrees-Celcius,NA,TRUE,NA,NA,NA,NA,NA,NA,NA,NA
opSID_15205,233262,EnvPro_Temp_50cm,NA,NA,Soil-Temperature,50,50,TRUE,Degrees-Celcius,NA,TRUE,NA,NA,NA,NA,NA,NA,NA,NA
opSID_15205,233263,EnvPro_Temp_60cm,NA,NA,Soil-Temperature,60,60,TRUE,Degrees-Celcius,NA,TRUE,NA,NA,NA,NA,NA,NA,NA,NA
opSID_15205,233264,EnvPro_Temp_70cm,NA,NA,Soil-Temperature,70,70,TRUE,Degrees-Celcius,NA,TRUE,NA,NA,NA,NA,NA,NA,NA,NA
opSID_15205,233265,EnvPro_Temp_80cm,NA,NA,Soil-Temperature,80,80,TRUE,Degrees-Celcius,NA,TRUE,NA,NA,NA,NA,NA,NA,NA,NA
opSID_15205,391041,EnvPro_Uncal_Moisture_10cm,NA,NA,Soil-Moisture,10,10,TRUE,Percent,NA,TRUE,NA,NA,NA,NA,NA,NA,NA,NA
opSID_15205,391042,EnvPro_Uncal_Moisture_20cm,NA,NA,Soil-Moisture,20,20,TRUE,Percent,NA,TRUE,NA,NA,NA,NA,NA,NA,NA,NA
opSID_15205,391043,EnvPro_Uncal_Moisture_30cm,NA,NA,Soil-Moisture,30,30,TRUE,Percent,NA,TRUE,NA,NA,NA,NA,NA,NA,NA,NA
opSID_15205,391044,EnvPro_Uncal_Moisture_40cm,NA,NA,Soil-Moisture,40,40,TRUE,Percent,NA,TRUE,NA,NA,NA,NA,NA,NA,NA,NA
opSID_15205,391045,EnvPro_Uncal_Moisture_50cm,NA,NA,Soil-Moisture,50,50,TRUE,Percent,NA,TRUE,NA,NA,NA,NA,NA,NA,NA,NA
opSID_15205,391046,EnvPro_Uncal_Moisture_60cm,NA,NA,Soil-Moisture,60,60,TRUE,Percent,NA,TRUE,NA,NA,NA,NA,NA,NA,NA,NA
opSID_15205,391047,EnvPro_Uncal_Moisture_70cm,NA,NA,Soil-Moisture,70,70,TRUE,Percent,NA,TRUE,NA,NA,NA,NA,NA,NA,NA,NA
opSID_15205,391048,EnvPro_Uncal_Moisture_80cm,NA,NA,Soil-Moisture,80,80,TRUE,Percent,NA,TRUE,NA,NA,NA,NA,NA,NA,NA,NA
opSID_15206,243945,10cm PAW,NA,NA,PAW,10,10,TRUE,mm,NA,TRUE,NA,NA,NA,NA,NA,NA,NA,NA
opSID_15206,243938,25cm PAW,NA,NA,PAW,25,25,TRUE,mm,NA,TRUE,NA,NA,NA,NA,NA,NA,NA,NA
opSID_15206,243937,35cm PAW,NA,NA,PAW,35,35,TRUE,mm,NA,TRUE,NA,NA,NA,NA,NA,NA,NA,NA
opSID_15206,243939,45cm PAW,NA,NA,PAW,45,45,TRUE,mm,NA,TRUE,NA,NA,NA,NA,NA,NA,NA,NA
opSID_15206,243940,55cm PAW,NA,NA,PAW,55,55,TRUE,mm,NA,TRUE,NA,NA,NA,NA,NA,NA,NA,NA
opSID_15206,243941,65cm PAW,NA,NA,PAW,65,65,TRUE,mm,NA,TRUE,NA,NA,NA,NA,NA,NA,NA,NA
opSID_15206,243942,75cm PAW,NA,NA,PAW,75,75,TRUE,mm,NA,TRUE,NA,NA,NA,NA,NA,NA,NA,NA
opSID_15206,243943,85cm PAW,NA,NA,PAW,85,85,TRUE,mm,NA,TRUE,NA,NA,NA,NA,NA,NA,NA,NA
opSID_15206,243944,95cm PAW,NA,NA,PAW,95,95,TRUE,mm,NA,TRUE,NA,NA,NA,NA,NA,NA,NA,NA
opSID_15206,224796,Rain,NA,NA,Rainfall,0,0,TRUE,mm,NA,TRUE,NA,NA,NA,NA,NA,NA,NA,NA
opSID_15206,230627,TBSHT01_Humidity,NA,NA,Humidity,0,0,TRUE,Percent,NA,TRUE,NA,NA,NA,NA,NA,NA,NA,NA
opSID_15206,230628,TBSHT01_Temp,NA,NA,Temperature,0,0,TRUE,Degrees-Celcius,NA,TRUE,NA,NA,NA,NA,NA,NA,NA,NA
opSID_15206,231002,EnvPro_Moisture_10cm,NA,NA,Soil-Moisture,10,10,TRUE,Percent,NA,TRUE,NA,NA,NA,NA,NA,NA,NA,NA
opSID_15206,231003,EnvPro_Moisture_20cm,NA,NA,Soil-Moisture,20,20,TRUE,Percent,NA,TRUE,NA,NA,NA,NA,NA,NA,NA,NA
opSID_15206,231004,EnvPro_Moisture_30cm,NA,NA,Soil-Moisture,30,30,TRUE,Percent,NA,TRUE,NA,NA,NA,NA,NA,NA,NA,NA
opSID_15206,231005,EnvPro_Moisture_40cm,NA,NA,Soil-Moisture,40,40,TRUE,Percent,NA,TRUE,NA,NA,NA,NA,NA,NA,NA,NA
opSID_15206,231006,EnvPro_Moisture_50cm,NA,NA,Soil-Moisture,50,50,TRUE,Percent,NA,TRUE,NA,NA,NA,NA,NA,NA,NA,NA
opSID_15206,231007,EnvPro_Moisture_60cm,NA,NA,Soil-Moisture,60,60,TRUE,Percent,NA,TRUE,NA,NA,NA,NA,NA,NA,NA,NA
opSID_15206,231008,EnvPro_Moisture_70cm,NA,NA,Soil-Moisture,70,70,TRUE,Percent,NA,TRUE,NA,NA,NA,NA,NA,NA,NA,NA
opSID_15206,231009,EnvPro_Moisture_80cm,NA,NA,Soil-Moisture,80,80,TRUE,Percent,NA,TRUE,NA,NA,NA,NA,NA,NA,NA,NA
opSID_15206,231012,EnvPro_Salinity_10cm,NA,NA,Salinity,10,10,TRUE,dS/cm,NA,TRUE,NA,NA,NA,NA,NA,NA,NA,NA
opSID_15206,231013,EnvPro_Salinity_20cm,NA,NA,Salinity,20,20,TRUE,dS/cm,NA,TRUE,NA,NA,NA,NA,NA,NA,NA,NA
opSID_15206,231014,EnvPro_Salinity_30cm,NA,NA,Salinity,30,30,TRUE,dS/cm,NA,TRUE,NA,NA,NA,NA,NA,NA,NA,NA
opSID_15206,231015,EnvPro_Salinity_40cm,NA,NA,Salinity,40,40,TRUE,dS/cm,NA,TRUE,NA,NA,NA,NA,NA,NA,NA,NA
opSID_15206,231016,EnvPro_Salinity_50cm,NA,NA,Salinity,50,50,TRUE,dS/cm,NA,TRUE,NA,NA,NA,NA,NA,NA,NA,NA
opSID_15206,231017,EnvPro_Salinity_60cm,NA,NA,Salinity,60,60,TRUE,dS/cm,NA,TRUE,NA,NA,NA,NA,NA,NA,NA,NA
opSID_15206,231018,EnvPro_Salinity_70cm,NA,NA,Salinity,70,70,TRUE,dS/cm,NA,TRUE,NA,NA,NA,NA,NA,NA,NA,NA
opSID_15206,231019,EnvPro_Salinity_80cm,NA,NA,Salinity,80,80,TRUE,dS/cm,NA,TRUE,NA,NA,NA,NA,NA,NA,NA,NA
opSID_15206,231020,EPS80F01_Temp,NA,NA,Temperature,0,0,TRUE,Degrees-Celcius,NA,TRUE,NA,NA,NA,NA,NA,NA,NA,NA
opSID_15206,231021,EnvPro_Temp_10cm,NA,NA,Soil-Temperature,10,10,TRUE,Degrees-Celcius,NA,TRUE,NA,NA,NA,NA,NA,NA,NA,NA
opSID_15206,231022,EnvPro_Temp_20cm,NA,NA,Soil-Temperature,20,20,TRUE,Degrees-Celcius,NA,TRUE,NA,NA,NA,NA,NA,NA,NA,NA
opSID_15206,231023,EnvPro_Temp_30cm,NA,NA,Soil-Temperature,30,30,TRUE,Degrees-Celcius,NA,TRUE,NA,NA,NA,NA,NA,NA,NA,NA
opSID_15206,231024,EnvPro_Temp_40cm,NA,NA,Soil-Temperature,40,40,TRUE,Degrees-Celcius,NA,TRUE,NA,NA,NA,NA,NA,NA,NA,NA
opSID_15206,231025,EnvPro_Temp_50cm,NA,NA,Soil-Temperature,50,50,TRUE,Degrees-Celcius,NA,TRUE,NA,NA,NA,NA,NA,NA,NA,NA
opSID_15206,231026,EnvPro_Temp_60cm,NA,NA,Soil-Temperature,60,60,TRUE,Degrees-Celcius,NA,TRUE,NA,NA,NA,NA,NA,NA,NA,NA
opSID_15206,231027,EnvPro_Temp_70cm,NA,NA,Soil-Temperature,70,70,TRUE,Degrees-Celcius,NA,TRUE,NA,NA,NA,NA,NA,NA,NA,NA
opSID_15206,231028,EnvPro_Temp_80cm,NA,NA,Soil-Temperature,80,80,TRUE,Degrees-Celcius,NA,TRUE,NA,NA,NA,NA,NA,NA,NA,NA
opSID_15206,1000429,Wind Speed m/s,NA,NA,Wind-Speed,0,0,TRUE,m/s,NA,TRUE,NA,NA,NA,NA,NA,NA,NA,NA
opSID_15206,1000430,Wind Direction,NA,NA,Wind-Direction,0,0,TRUE,Degrees,NA,TRUE,NA,NA,NA,NA,NA,NA,NA,NA
opSID_15206,1000431,Air Temperature °C,NA,NA,Temperature,0,0,TRUE,Degrees-Celcius,NA,TRUE,NA,NA,NA,NA,NA,NA,NA,NA
opSID_15230,237759,10cm PAW,NA,NA,PAW,10,10,TRUE,mm,NA,TRUE,NA,NA,NA,NA,NA,NA,NA,NA
opSID_15230,236997,25cm PAW,NA,NA,PAW,25,25,TRUE,mm,NA,TRUE,NA,NA,NA,NA,NA,NA,NA,NA
opSID_15230,236998,35cm PAW,NA,NA,PAW,35,35,TRUE,mm,NA,TRUE,NA,NA,NA,NA,NA,NA,NA,NA
opSID_15230,236999,45cm PAW,NA,NA,PAW,45,45,TRUE,mm,NA,TRUE,NA,NA,NA,NA,NA,NA,NA,NA
opSID_15230,237000,55cm PAW,NA,NA,PAW,55,55,TRUE,mm,NA,TRUE,NA,NA,NA,NA,NA,NA,NA,NA
opSID_15230,237002,75cm PAW,NA,NA,PAW,75,75,TRUE,mm,NA,TRUE,NA,NA,NA,NA,NA,NA,NA,NA
opSID_15230,237003,85cm PAW,NA,NA,PAW,85,85,TRUE,mm,NA,TRUE,NA,NA,NA,NA,NA,NA,NA,NA
opSID_15230,237001,65cm PAW,NA,NA,PAW,65,65,TRUE,mm,NA,TRUE,NA,NA,NA,NA,NA,NA,NA,NA
opSID_15230,237004,95cm PAW,NA,NA,PAW,95,95,TRUE,mm,NA,TRUE,NA,NA,NA,NA,NA,NA,NA,NA
opSID_15230,225083,Rain,NA,NA,Rainfall,0,0,TRUE,mm,NA,TRUE,NA,NA,NA,NA,NA,NA,NA,NA
opSID_15230,232279,EPS80F01_Temp,NA,NA,Temperature,0,0,TRUE,Degrees-Celcius,NA,TRUE,NA,NA,NA,NA,NA,NA,NA,NA
opSID_15230,232271,EnvPro_Salinity_10cm,NA,NA,Salinity,10,10,TRUE,dS/cm,NA,TRUE,NA,NA,NA,NA,NA,NA,NA,NA
opSID_15230,232272,EnvPro_Salinity_20cm,NA,NA,Salinity,20,20,TRUE,dS/cm,NA,TRUE,NA,NA,NA,NA,NA,NA,NA,NA
opSID_15230,232273,EnvPro_Salinity_30cm,NA,NA,Salinity,30,30,TRUE,dS/cm,NA,TRUE,NA,NA,NA,NA,NA,NA,NA,NA
opSID_15230,232274,EnvPro_Salinity_40cm,NA,NA,Salinity,40,40,TRUE,dS/cm,NA,TRUE,NA,NA,NA,NA,NA,NA,NA,NA
opSID_15230,232275,EnvPro_Salinity_50cm,NA,NA,Salinity,50,50,TRUE,dS/cm,NA,TRUE,NA,NA,NA,NA,NA,NA,NA,NA
opSID_15230,232276,EnvPro_Salinity_60cm,NA,NA,Salinity,60,60,TRUE,dS/cm,NA,TRUE,NA,NA,NA,NA,NA,NA,NA,NA
opSID_15230,232277,EnvPro_Salinity_70cm,NA,NA,Salinity,70,70,TRUE,dS/cm,NA,TRUE,NA,NA,NA,NA,NA,NA,NA,NA
opSID_15230,232278,EnvPro_Salinity_80cm,NA,NA,Salinity,80,80,TRUE,dS/cm,NA,TRUE,NA,NA,NA,NA,NA,NA,NA,NA
opSID_15230,232292,TBSHT01_Humidity,NA,NA,Humidity,0,0,TRUE,Percent,NA,TRUE,NA,NA,NA,NA,NA,NA,NA,NA
opSID_15230,232293,TBSHT01_Temp,NA,NA,Temperature,0,0,TRUE,Degrees-Celcius,NA,TRUE,NA,NA,NA,NA,NA,NA,NA,NA
opSID_15230,232261,EnvPro_Moisture_10cm,NA,NA,Soil-Moisture,10,10,TRUE,Percent,NA,TRUE,NA,NA,NA,NA,NA,NA,NA,NA
opSID_15230,232262,EnvPro_Moisture_20cm,NA,NA,Soil-Moisture,20,20,TRUE,Percent,NA,TRUE,NA,NA,NA,NA,NA,NA,NA,NA
opSID_15230,232263,EnvPro_Moisture_30cm,NA,NA,Soil-Moisture,30,30,TRUE,Percent,NA,TRUE,NA,NA,NA,NA,NA,NA,NA,NA
opSID_15230,232264,EnvPro_Moisture_40cm,NA,NA,Soil-Moisture,40,40,TRUE,Percent,NA,TRUE,NA,NA,NA,NA,NA,NA,NA,NA
opSID_15230,232265,EnvPro_Moisture_50cm,NA,NA,Soil-Moisture,50,50,TRUE,Percent,NA,TRUE,NA,NA,NA,NA,NA,NA,NA,NA
opSID_15230,232266,EnvPro_Moisture_60cm,NA,NA,Soil-Moisture,60,60,TRUE,Percent,NA,TRUE,NA,NA,NA,NA,NA,NA,NA,NA
opSID_15230,232267,EnvPro_Moisture_70cm,NA,NA,Soil-Moisture,70,70,TRUE,Percent,NA,TRUE,NA,NA,NA,NA,NA,NA,NA,NA
opSID_15230,232268,EnvPro_Moisture_80cm,NA,NA,Soil-Moisture,80,80,TRUE,Percent,NA,TRUE,NA,NA,NA,NA,NA,NA,NA,NA
opSID_15230,232280,EnvPro_Temp_10cm,NA,NA,Soil-Temperature,10,10,TRUE,Degrees-Celcius,NA,TRUE,NA,NA,NA,NA,NA,NA,NA,NA
opSID_15230,232281,EnvPro_Temp_20cm,NA,NA,Soil-Temperature,20,20,TRUE,Degrees-Celcius,NA,TRUE,NA,NA,NA,NA,NA,NA,NA,NA
opSID_15230,232282,EnvPro_Temp_30cm,NA,NA,Soil-Temperature,30,30,TRUE,Degrees-Celcius,NA,TRUE,NA,NA,NA,NA,NA,NA,NA,NA
opSID_15230,232283,EnvPro_Temp_40cm,NA,NA,Soil-Temperature,40,40,TRUE,Degrees-Celcius,NA,TRUE,NA,NA,NA,NA,NA,NA,NA,NA
opSID_15230,232284,EnvPro_Temp_50cm,NA,NA,Soil-Temperature,50,50,TRUE,Degrees-Celcius,NA,TRUE,NA,NA,NA,NA,NA,NA,NA,NA
opSID_15230,232285,EnvPro_Temp_60cm,NA,NA,Soil-Temperature,60,60,TRUE,Degrees-Celcius,NA,TRUE,NA,NA,NA,NA,NA,NA,NA,NA
opSID_15230,232286,EnvPro_Temp_70cm,NA,NA,Soil-Temperature,70,70,TRUE,Degrees-Celcius,NA,TRUE,NA,NA,NA,NA,NA,NA,NA,NA
opSID_15230,232287,EnvPro_Temp_80cm,NA,NA,Soil-Temperature,80,80,TRUE,Degrees-Celcius,NA,TRUE,NA,NA,NA,NA,NA,NA,NA,NA
opSID_15231,243455,10cm PAW,NA,NA,PAW,10,10,TRUE,mm,NA,TRUE,NA,NA,NA,NA,NA,NA,NA,NA
opSID_15231,243461,25cm PAW,NA,NA,PAW,25,25,TRUE,mm,NA,TRUE,NA,NA,NA,NA,NA,NA,NA,NA
opSID_15231,243462,35cm PAW,NA,NA,PAW,35,35,TRUE,mm,NA,TRUE,NA,NA,NA,NA,NA,NA,NA,NA
opSID_15231,243463,45cm PAW,NA,NA,PAW,45,45,TRUE,mm,NA,TRUE,NA,NA,NA,NA,NA,NA,NA,NA
opSID_15231,243464,55cm PAW,NA,NA,PAW,55,55,TRUE,mm,NA,TRUE,NA,NA,NA,NA,NA,NA,NA,NA
opSID_15231,225095,Rain,NA,NA,Rainfall,0,0,TRUE,mm,NA,TRUE,NA,NA,NA,NA,NA,NA,NA,NA
opSID_15231,233389,EPS80F01_Temp,NA,NA,Temperature,0,0,TRUE,Degrees-Celcius,NA,TRUE,NA,NA,NA,NA,NA,NA,NA,NA
opSID_15231,233381,EnvPro_Salinity_10cm,NA,NA,Salinity,10,10,TRUE,dS/cm,NA,TRUE,NA,NA,NA,NA,NA,NA,NA,NA
opSID_15231,233382,EnvPro_Salinity_20cm,NA,NA,Salinity,20,20,TRUE,dS/cm,NA,TRUE,NA,NA,NA,NA,NA,NA,NA,NA
opSID_15231,233383,EnvPro_Salinity_30cm,NA,NA,Salinity,30,30,TRUE,dS/cm,NA,TRUE,NA,NA,NA,NA,NA,NA,NA,NA
opSID_15231,233384,EnvPro_Salinity_40cm,NA,NA,Salinity,40,40,TRUE,dS/cm,NA,TRUE,NA,NA,NA,NA,NA,NA,NA,NA
opSID_15231,233385,EnvPro_Salinity_50cm,NA,NA,Salinity,50,50,TRUE,dS/cm,NA,TRUE,NA,NA,NA,NA,NA,NA,NA,NA
opSID_15231,233386,EnvPro_Salinity_60cm,NA,NA,Salinity,60,60,TRUE,dS/cm,NA,TRUE,NA,NA,NA,NA,NA,NA,NA,NA
opSID_15231,233387,EnvPro_Salinity_70cm,NA,NA,Salinity,70,70,TRUE,dS/cm,NA,TRUE,NA,NA,NA,NA,NA,NA,NA,NA
opSID_15231,233388,EnvPro_Salinity_80cm,NA,NA,Salinity,80,80,TRUE,dS/cm,NA,TRUE,NA,NA,NA,NA,NA,NA,NA,NA
opSID_15231,233390,EnvPro_Temp_10cm,NA,NA,Soil-Temperature,10,10,TRUE,Degrees-Celcius,NA,TRUE,NA,NA,NA,NA,NA,NA,NA,NA
opSID_15231,233391,EnvPro_Temp_20cm,NA,NA,Soil-Temperature,20,20,TRUE,Degrees-Celcius,NA,TRUE,NA,NA,NA,NA,NA,NA,NA,NA
opSID_15231,233392,EnvPro_Temp_30cm,NA,NA,Soil-Temperature,30,30,TRUE,Degrees-Celcius,NA,TRUE,NA,NA,NA,NA,NA,NA,NA,NA
opSID_15231,233393,EnvPro_Temp_40cm,NA,NA,Soil-Temperature,40,40,TRUE,Degrees-Celcius,NA,TRUE,NA,NA,NA,NA,NA,NA,NA,NA
opSID_15231,233394,EnvPro_Temp_50cm,NA,NA,Soil-Temperature,50,50,TRUE,Degrees-Celcius,NA,TRUE,NA,NA,NA,NA,NA,NA,NA,NA
opSID_15231,233395,EnvPro_Temp_60cm,NA,NA,Soil-Temperature,60,60,TRUE,Degrees-Celcius,NA,TRUE,NA,NA,NA,NA,NA,NA,NA,NA
opSID_15231,233396,EnvPro_Temp_70cm,NA,NA,Soil-Temperature,70,70,TRUE,Degrees-Celcius,NA,TRUE,NA,NA,NA,NA,NA,NA,NA,NA
opSID_15231,233397,EnvPro_Temp_80cm,NA,NA,Soil-Temperature,80,80,TRUE,Degrees-Celcius,NA,TRUE,NA,NA,NA,NA,NA,NA,NA,NA
opSID_15231,233372,EnvPro_Moisture_10cm,NA,NA,Soil-Moisture,10,10,TRUE,Percent,NA,TRUE,NA,NA,NA,NA,NA,NA,NA,NA
opSID_15231,233373,EnvPro_Moisture_20cm,NA,NA,Soil-Moisture,20,20,TRUE,Percent,NA,TRUE,NA,NA,NA,NA,NA,NA,NA,NA
opSID_15231,233374,EnvPro_Moisture_30cm,NA,NA,Soil-Moisture,30,30,TRUE,Percent,NA,TRUE,NA,NA,NA,NA,NA,NA,NA,NA
opSID_15231,233375,EnvPro_Moisture_40cm,NA,NA,Soil-Moisture,40,40,TRUE,Percent,NA,TRUE,NA,NA,NA,NA,NA,NA,NA,NA
opSID_15231,233376,EnvPro_Moisture_50cm,NA,NA,Soil-Moisture,50,50,TRUE,Percent,NA,TRUE,NA,NA,NA,NA,NA,NA,NA,NA
opSID_15231,233377,EnvPro_Moisture_60cm,NA,NA,Soil-Moisture,60,60,TRUE,Percent,NA,TRUE,NA,NA,NA,NA,NA,NA,NA,NA
opSID_15231,233378,EnvPro_Moisture_70cm,NA,NA,Soil-Moisture,70,70,TRUE,Percent,NA,TRUE,NA,NA,NA,NA,NA,NA,NA,NA
opSID_15231,233379,EnvPro_Moisture_80cm,NA,NA,Soil-Moisture,80,80,TRUE,Percent,NA,TRUE,NA,NA,NA,NA,NA,NA,NA,NA
opSID_15231,233402,TBSHT01_Humidity,NA,NA,Humidity,0,0,TRUE,Percent,NA,TRUE,NA,NA,NA,NA,NA,NA,NA,NA
opSID_15231,233403,Temp,NA,NA,Temperature,0,0,TRUE,Degrees-Celcius,NA,TRUE,NA,NA,NA,NA,NA,NA,NA,NA
opSID_15232,243482,10cm PAW,NA,NA,PAW,10,10,TRUE,mm,NA,TRUE,NA,NA,NA,NA,NA,NA,NA,NA
opSID_15232,243483,25cm PAW,NA,NA,PAW,25,25,TRUE,mm,NA,TRUE,NA,NA,NA,NA,NA,NA,NA,NA
opSID_15232,243484,35cm PAW,NA,NA,PAW,35,35,TRUE,mm,NA,TRUE,NA,NA,NA,NA,NA,NA,NA,NA
opSID_15232,243485,45cm PAW,NA,NA,PAW,45,45,TRUE,mm,NA,TRUE,NA,NA,NA,NA,NA,NA,NA,NA
opSID_15232,243486,55cm PAW,NA,NA,PAW,55,55,TRUE,mm,NA,TRUE,NA,NA,NA,NA,NA,NA,NA,NA
opSID_15232,243487,65cm PAW,NA,NA,PAW,65,65,TRUE,mm,NA,TRUE,NA,NA,NA,NA,NA,NA,NA,NA
opSID_15232,243488,75cm PAW,NA,NA,PAW,75,75,TRUE,mm,NA,TRUE,NA,NA,NA,NA,NA,NA,NA,NA
opSID_15232,243492,85cm PAW,NA,NA,PAW,85,85,TRUE,mm,NA,TRUE,NA,NA,NA,NA,NA,NA,NA,NA
opSID_15232,243493,95cm PAW,NA,NA,PAW,95,95,TRUE,mm,NA,TRUE,NA,NA,NA,NA,NA,NA,NA,NA
opSID_15232,225107,Rain,NA,NA,Rainfall,0,0,TRUE,mm,NA,TRUE,NA,NA,NA,NA,NA,NA,NA,NA
opSID_15232,233422,EPS80F01_Temp,NA,NA,Temperature,0,0,TRUE,Degrees-Celcius,NA,TRUE,NA,NA,NA,NA,NA,NA,NA,NA
opSID_15232,233414,EnvPro_Salinity_10cm,NA,NA,Salinity,10,10,TRUE,dS/cm,NA,TRUE,NA,NA,NA,NA,NA,NA,NA,NA
opSID_15232,233415,EnvPro_Salinity_20cm,NA,NA,Salinity,20,20,TRUE,dS/cm,NA,TRUE,NA,NA,NA,NA,NA,NA,NA,NA
opSID_15232,233416,EnvPro_Salinity_30cm,NA,NA,Salinity,30,30,TRUE,dS/cm,NA,TRUE,NA,NA,NA,NA,NA,NA,NA,NA
opSID_15232,233417,EnvPro_Salinity_40cm,NA,NA,Salinity,40,40,TRUE,dS/cm,NA,TRUE,NA,NA,NA,NA,NA,NA,NA,NA
opSID_15232,233418,EnvPro_Salinity_50cm,NA,NA,Salinity,50,50,TRUE,dS/cm,NA,TRUE,NA,NA,NA,NA,NA,NA,NA,NA
opSID_15232,233419,EnvPro_Salinity_60cm,NA,NA,Salinity,60,60,TRUE,dS/cm,NA,TRUE,NA,NA,NA,NA,NA,NA,NA,NA
opSID_15232,233420,EnvPro_Salinity_70cm,NA,NA,Salinity,70,70,TRUE,dS/cm,NA,TRUE,NA,NA,NA,NA,NA,NA,NA,NA
opSID_15232,233421,EnvPro_Salinity_80cm,NA,NA,Salinity,80,80,TRUE,dS/cm,NA,TRUE,NA,NA,NA,NA,NA,NA,NA,NA
opSID_15232,233423,EnvPro_Temp_10cm,NA,NA,Soil-Temperature,10,10,TRUE,Degrees-Celcius,NA,TRUE,NA,NA,NA,NA,NA,NA,NA,NA
opSID_15232,233424,EnvPro_Temp_20cm,NA,NA,Soil-Temperature,20,20,TRUE,Degrees-Celcius,NA,TRUE,NA,NA,NA,NA,NA,NA,NA,NA
opSID_15232,233425,EnvPro_Temp_30cm,NA,NA,Soil-Temperature,30,30,TRUE,Degrees-Celcius,NA,TRUE,NA,NA,NA,NA,NA,NA,NA,NA
opSID_15232,233426,EnvPro_Temp_40cm,NA,NA,Soil-Temperature,40,40,TRUE,Degrees-Celcius,NA,TRUE,NA,NA,NA,NA,NA,NA,NA,NA
opSID_15232,233405,EnvPro_Moisture_10cm,NA,NA,Soil-Moisture,10,10,TRUE,Percent,NA,TRUE,NA,NA,NA,NA,NA,NA,NA,NA
opSID_15232,233406,EnvPro_Moisture_20cm,NA,NA,Soil-Moisture,20,20,TRUE,Percent,NA,TRUE,NA,NA,NA,NA,NA,NA,NA,NA
opSID_15232,233407,EnvPro_Moisture_30cm,NA,NA,Soil-Moisture,30,30,TRUE,Percent,NA,TRUE,NA,NA,NA,NA,NA,NA,NA,NA
opSID_15232,233408,EnvPro_Moisture_40cm,NA,NA,Soil-Moisture,40,40,TRUE,Percent,NA,TRUE,NA,NA,NA,NA,NA,NA,NA,NA
opSID_15232,233409,EnvPro_Moisture_50cm,NA,NA,Soil-Moisture,50,50,TRUE,Percent,NA,TRUE,NA,NA,NA,NA,NA,NA,NA,NA
opSID_15232,233410,EnvPro_Moisture_60cm,NA,NA,Soil-Moisture,60,60,TRUE,Percent,NA,TRUE,NA,NA,NA,NA,NA,NA,NA,NA
opSID_15232,233411,EnvPro_Moisture_70cm,NA,NA,Soil-Moisture,70,70,TRUE,Percent,NA,TRUE,NA,NA,NA,NA,NA,NA,NA,NA
opSID_15232,233412,EnvPro_Moisture_80cm,NA,NA,Soil-Moisture,80,80,TRUE,Percent,NA,TRUE,NA,NA,NA,NA,NA,NA,NA,NA
opSID_15232,233427,EnvPro_Temp_50cm,NA,NA,Soil-Temperature,50,50,TRUE,Degrees-Celcius,NA,TRUE,NA,NA,NA,NA,NA,NA,NA,NA
opSID_15232,233428,EnvPro_Temp_60cm,NA,NA,Soil-Temperature,60,60,TRUE,Degrees-Celcius,NA,TRUE,NA,NA,NA,NA,NA,NA,NA,NA
opSID_15232,233429,EnvPro_Temp_70cm,NA,NA,Soil-Temperature,70,70,TRUE,Degrees-Celcius,NA,TRUE,NA,NA,NA,NA,NA,NA,NA,NA
opSID_15232,233430,EnvPro_Temp_80cm,NA,NA,Soil-Temperature,80,80,TRUE,Degrees-Celcius,NA,TRUE,NA,NA,NA,NA,NA,NA,NA,NA
opSID_15232,233435,TBSHT01_Humidity,NA,NA,Humidity,0,0,TRUE,Percent,NA,TRUE,NA,NA,NA,NA,NA,NA,NA,NA
opSID_15232,233436,TBSHT01_Temp,NA,NA,Temperature,0,0,TRUE,Degrees-Celcius,NA,TRUE,NA,NA,NA,NA,NA,NA,NA,NA
opSID_15795,266597,10cm PAW,NA,NA,PAW,10,10,TRUE,mm,NA,TRUE,NA,NA,NA,NA,NA,NA,NA,NA
opSID_15795,245052,25cm PAW,NA,NA,PAW,25,25,TRUE,mm,NA,TRUE,NA,NA,NA,NA,NA,NA,NA,NA
opSID_15795,245053,35cm PAW,NA,NA,PAW,35,35,TRUE,mm,NA,TRUE,NA,NA,NA,NA,NA,NA,NA,NA
opSID_15795,245054,45cm PAW,NA,NA,PAW,45,45,TRUE,mm,NA,TRUE,NA,NA,NA,NA,NA,NA,NA,NA
opSID_15795,245056,65cm PAW,NA,NA,PAW,65,65,TRUE,mm,NA,TRUE,NA,NA,NA,NA,NA,NA,NA,NA
opSID_15795,245057,75cm PAW,NA,NA,PAW,75,75,TRUE,mm,NA,TRUE,NA,NA,NA,NA,NA,NA,NA,NA
opSID_15795,245058,85cm PAW,NA,NA,PAW,85,85,TRUE,mm,NA,TRUE,NA,NA,NA,NA,NA,NA,NA,NA
opSID_15795,245059,95cm PAW,NA,NA,PAW,95,95,TRUE,mm,NA,TRUE,NA,NA,NA,NA,NA,NA,NA,NA
opSID_15795,245055,55cm PAW,NA,NA,PAW,55,55,TRUE,mm,NA,TRUE,NA,NA,NA,NA,NA,NA,NA,NA
opSID_15795,235717,Rain,NA,NA,Rainfall,0,0,TRUE,mm,NA,TRUE,NA,NA,NA,NA,NA,NA,NA,NA
opSID_15795,244577,TBSHT01_Humidity,NA,NA,Humidity,0,0,TRUE,Percent,NA,TRUE,NA,NA,NA,NA,NA,NA,NA,NA
opSID_15795,244578,TBSHT01_Temp,NA,NA,Temperature,0,0,TRUE,Degrees-Celcius,NA,TRUE,NA,NA,NA,NA,NA,NA,NA,NA
opSID_15795,244580,EnvPro_Moisture_10cm,NA,NA,Soil-Moisture,10,10,TRUE,Percent,NA,TRUE,NA,NA,NA,NA,NA,NA,NA,NA
opSID_15795,244581,EnvPro_Moisture_20cm,NA,NA,Soil-Moisture,20,20,TRUE,Percent,NA,TRUE,NA,NA,NA,NA,NA,NA,NA,NA
opSID_15795,244582,EnvPro_Moisture_30cm,NA,NA,Soil-Moisture,30,30,TRUE,Percent,NA,TRUE,NA,NA,NA,NA,NA,NA,NA,NA
opSID_15795,244583,EnvPro_Moisture_40cm,NA,NA,Soil-Moisture,40,40,TRUE,Percent,NA,TRUE,NA,NA,NA,NA,NA,NA,NA,NA
opSID_15795,244584,EnvPro_Moisture_50cm,NA,NA,Soil-Moisture,50,50,TRUE,Percent,NA,TRUE,NA,NA,NA,NA,NA,NA,NA,NA
opSID_15795,244585,EnvPro_Moisture_60cm,NA,NA,Soil-Moisture,60,60,TRUE,Percent,NA,TRUE,NA,NA,NA,NA,NA,NA,NA,NA
opSID_15795,244586,EnvPro_Moisture_70cm,NA,NA,Soil-Moisture,70,70,TRUE,Percent,NA,TRUE,NA,NA,NA,NA,NA,NA,NA,NA
opSID_15795,244587,EnvPro_Moisture_80cm,NA,NA,Soil-Moisture,80,80,TRUE,Percent,NA,TRUE,NA,NA,NA,NA,NA,NA,NA,NA
opSID_15795,244589,EnvPro_Salinity_10cm,NA,NA,Salinity,10,10,TRUE,dS/cm,NA,TRUE,NA,NA,NA,NA,NA,NA,NA,NA
opSID_15795,244590,EnvPro_Salinity_20cm,NA,NA,Salinity,20,20,TRUE,dS/cm,NA,TRUE,NA,NA,NA,NA,NA,NA,NA,NA
opSID_15795,244591,EnvPro_Salinity_30cm,NA,NA,Salinity,30,30,TRUE,dS/cm,NA,TRUE,NA,NA,NA,NA,NA,NA,NA,NA
opSID_15795,244592,EnvPro_Salinity_40cm,NA,NA,Salinity,40,40,TRUE,dS/cm,NA,TRUE,NA,NA,NA,NA,NA,NA,NA,NA
opSID_15795,244593,EnvPro_Salinity_50cm,NA,NA,Salinity,50,50,TRUE,dS/cm,NA,TRUE,NA,NA,NA,NA,NA,NA,NA,NA
opSID_15795,244594,EnvPro_Salinity_60cm,NA,NA,Salinity,60,60,TRUE,dS/cm,NA,TRUE,NA,NA,NA,NA,NA,NA,NA,NA
opSID_15795,244595,EnvPro_Salinity_70cm,NA,NA,Salinity,70,70,TRUE,dS/cm,NA,TRUE,NA,NA,NA,NA,NA,NA,NA,NA
opSID_15795,244596,EnvPro_Salinity_80cm,NA,NA,Salinity,80,80,TRUE,dS/cm,NA,TRUE,NA,NA,NA,NA,NA,NA,NA,NA
opSID_15795,244597,EPS80F01_Temp,NA,NA,Temperature,0,0,TRUE,Degrees-Celcius,NA,TRUE,NA,NA,NA,NA,NA,NA,NA,NA
opSID_15795,244598,EnvPro_Temp_10cm,NA,NA,Soil-Temperature,10,10,TRUE,Degrees-Celcius,NA,TRUE,NA,NA,NA,NA,NA,NA,NA,NA
opSID_15795,244599,EnvPro_Temp_20cm,NA,NA,Soil-Temperature,20,20,TRUE,Degrees-Celcius,NA,TRUE,NA,NA,NA,NA,NA,NA,NA,NA
opSID_15795,244600,EnvPro_Temp_30cm,NA,NA,Soil-Temperature,30,30,TRUE,Degrees-Celcius,NA,TRUE,NA,NA,NA,NA,NA,NA,NA,NA
opSID_15795,244601,EnvPro_Temp_40cm,NA,NA,Soil-Temperature,40,40,TRUE,Degrees-Celcius,NA,TRUE,NA,NA,NA,NA,NA,NA,NA,NA
opSID_15795,244602,EnvPro_Temp_50cm,NA,NA,Soil-Temperature,50,50,TRUE,Degrees-Celcius,NA,TRUE,NA,NA,NA,NA,NA,NA,NA,NA
opSID_15795,244603,EnvPro_Temp_60cm,NA,NA,Soil-Temperature,60,60,TRUE,Degrees-Celcius,NA,TRUE,NA,NA,NA,NA,NA,NA,NA,NA
opSID_15795,244604,EnvPro_Temp_70cm,NA,NA,Soil-Temperature,70,70,TRUE,Degrees-Celcius,NA,TRUE,NA,NA,NA,NA,NA,NA,NA,NA
opSID_15795,244605,EnvPro_Temp_80cm,NA,NA,Soil-Temperature,80,80,TRUE,Degrees-Celcius,NA,TRUE,NA,NA,NA,NA,NA,NA,NA,NA
opSID_22375,397391,10cm PAW,NA,NA,PAW,10,10,TRUE,mm,NA,TRUE,NA,NA,NA,NA,NA,NA,NA,NA
opSID_22375,397383,25cm PAW,NA,NA,PAW,25,25,TRUE,mm,NA,TRUE,NA,NA,NA,NA,NA,NA,NA,NA
opSID_22375,397384,35cm PAW,NA,NA,PAW,35,35,TRUE,mm,NA,TRUE,NA,NA,NA,NA,NA,NA,NA,NA
opSID_22375,397385,45cm PAW,NA,NA,PAW,45,45,TRUE,mm,NA,TRUE,NA,NA,NA,NA,NA,NA,NA,NA
opSID_22375,397386,55cm PAW,NA,NA,PAW,55,55,TRUE,mm,NA,TRUE,NA,NA,NA,NA,NA,NA,NA,NA
opSID_22375,397387,65cm PAW,NA,NA,PAW,65,65,TRUE,mm,NA,TRUE,NA,NA,NA,NA,NA,NA,NA,NA
opSID_22375,397388,75cm PAW,NA,NA,PAW,75,75,TRUE,mm,NA,TRUE,NA,NA,NA,NA,NA,NA,NA,NA
opSID_22375,397389,85cm PAW,NA,NA,PAW,85,85,TRUE,mm,NA,TRUE,NA,NA,NA,NA,NA,NA,NA,NA
opSID_22375,397390,95cm PAW,NA,NA,PAW,95,95,TRUE,mm,NA,TRUE,NA,NA,NA,NA,NA,NA,NA,NA
opSID_22375,343814,Rain,NA,NA,Rainfall,0,0,TRUE,mm,NA,TRUE,NA,NA,NA,NA,NA,NA,NA,NA
opSID_22375,386345,Salinity 10 cm,NA,NA,Salinity,10,10,TRUE,dS/cm,NA,TRUE,NA,NA,NA,NA,NA,NA,NA,NA
opSID_22375,386346,Salinity 20 cm,NA,NA,Salinity,20,20,TRUE,dS/cm,NA,TRUE,NA,NA,NA,NA,NA,NA,NA,NA
opSID_22375,386347,Salinity 30 cm,NA,NA,Salinity,30,30,TRUE,dS/cm,NA,TRUE,NA,NA,NA,NA,NA,NA,NA,NA
opSID_22375,386348,Salinity 40 cm,NA,NA,Salinity,40,40,TRUE,dS/cm,NA,TRUE,NA,NA,NA,NA,NA,NA,NA,NA
opSID_22375,386349,Salinity 50 cm,NA,NA,Salinity,50,50,TRUE,dS/cm,NA,TRUE,NA,NA,NA,NA,NA,NA,NA,NA
opSID_22375,386350,Salinity 60 cm,NA,NA,Salinity,60,60,TRUE,dS/cm,NA,TRUE,NA,NA,NA,NA,NA,NA,NA,NA
opSID_22375,386351,Salinity 70 cm,NA,NA,Salinity,70,70,TRUE,dS/cm,NA,TRUE,NA,NA,NA,NA,NA,NA,NA,NA
opSID_22375,386352,Salinity 80 cm,NA,NA,Salinity,80,80,TRUE,dS/cm,NA,TRUE,NA,NA,NA,NA,NA,NA,NA,NA
opSID_22375,386335,Soil Moisture 10 cm,NA,NA,Soil-Moisture,10,10,TRUE,Percent,NA,TRUE,NA,NA,NA,NA,NA,NA,NA,NA
opSID_22375,386336,Soil Moisture 20 cm,NA,NA,Soil-Moisture,20,20,TRUE,Percent,NA,TRUE,NA,NA,NA,NA,NA,NA,NA,NA
opSID_22375,386337,Soil Moisture 30 cm,NA,NA,Soil-Moisture,30,30,TRUE,Percent,NA,TRUE,NA,NA,NA,NA,NA,NA,NA,NA
opSID_22375,386338,Soil Moisture 40 cm,NA,NA,Soil-Moisture,40,40,TRUE,Percent,NA,TRUE,NA,NA,NA,NA,NA,NA,NA,NA
opSID_22375,386339,Soil Moisture 50 cm,NA,NA,Soil-Moisture,50,50,TRUE,Percent,NA,TRUE,NA,NA,NA,NA,NA,NA,NA,NA
opSID_22375,386340,Soil Moisture 60 cm,NA,NA,Soil-Moisture,60,60,TRUE,Percent,NA,TRUE,NA,NA,NA,NA,NA,NA,NA,NA
opSID_22375,386341,Soil Moisture 70 cm,NA,NA,Soil-Moisture,70,70,TRUE,Percent,NA,TRUE,NA,NA,NA,NA,NA,NA,NA,NA
opSID_22375,386342,Soil Moisture 80 cm,NA,NA,Soil-Moisture,80,80,TRUE,Percent,NA,TRUE,NA,NA,NA,NA,NA,NA,NA,NA
opSID_22375,386354,Temperature 10 cm,NA,NA,Temperature,10,10,TRUE,Degrees-Celcius,NA,TRUE,NA,NA,NA,NA,NA,NA,NA,NA
opSID_22375,386355,Temperature 20 cm,NA,NA,Temperature,20,20,TRUE,Degrees-Celcius,NA,TRUE,NA,NA,NA,NA,NA,NA,NA,NA
opSID_22375,386356,Temperature 30 cm,NA,NA,Temperature,30,30,TRUE,Degrees-Celcius,NA,TRUE,NA,NA,NA,NA,NA,NA,NA,NA
opSID_22375,386357,Temperature 40 cm,NA,NA,Temperature,40,40,TRUE,Degrees-Celcius,NA,TRUE,NA,NA,NA,NA,NA,NA,NA,NA
opSID_22375,386358,Temperature 50 cm,NA,NA,Temperature,50,50,TRUE,Degrees-Celcius,NA,TRUE,NA,NA,NA,NA,NA,NA,NA,NA
opSID_22375,386359,Temperature 60 cm,NA,NA,Temperature,60,60,TRUE,Degrees-Celcius,NA,TRUE,NA,NA,NA,NA,NA,NA,NA,NA
opSID_22375,386360,Temperature 70 cm,NA,NA,Temperature,70,70,TRUE,Degrees-Celcius,NA,TRUE,NA,NA,NA,NA,NA,NA,NA,NA
opSID_22375,386361,Temperature 80 cm,NA,NA,Temperature,80,80,TRUE,Degrees-Celcius,NA,TRUE,NA,NA,NA,NA,NA,NA,NA,NA
opSID_22375,386366,TBSHT01_Humidity,NA,NA,Humidity,0,0,TRUE,Percent,NA,TRUE,NA,NA,NA,NA,NA,NA,NA,NA
opSID_22375,386367,TBSHT01_Temp,NA,NA,Temperature,0,0,TRUE,Degrees-Celcius,NA,TRUE,NA,NA,NA,NA,NA,NA,NA,NA
opSID_22376,399746,10cm PAW,NA,NA,PAW,10,10,TRUE,mm,NA,TRUE,NA,NA,NA,NA,NA,NA,NA,NA
opSID_22376,399735,25cm PAW,NA,NA,PAW,25,25,TRUE,mm,NA,TRUE,NA,NA,NA,NA,NA,NA,NA,NA
opSID_22376,399739,35cm PAW,NA,NA,PAW,35,35,TRUE,mm,NA,TRUE,NA,NA,NA,NA,NA,NA,NA,NA
opSID_22376,399740,45cm PAW,NA,NA,PAW,45,45,TRUE,mm,NA,TRUE,NA,NA,NA,NA,NA,NA,NA,NA
opSID_22376,399741,55cm PAW,NA,NA,PAW,55,55,TRUE,mm,NA,TRUE,NA,NA,NA,NA,NA,NA,NA,NA
opSID_22376,399743,75cm PAW,NA,NA,PAW,75,75,TRUE,mm,NA,TRUE,NA,NA,NA,NA,NA,NA,NA,NA
opSID_22376,399744,85cm PAW,NA,NA,PAW,85,85,TRUE,mm,NA,TRUE,NA,NA,NA,NA,NA,NA,NA,NA
opSID_22376,399745,95cm PAW,NA,NA,PAW,95,95,TRUE,mm,NA,TRUE,NA,NA,NA,NA,NA,NA,NA,NA
opSID_22376,399742,65cm PAW,NA,NA,PAW,65,65,TRUE,mm,NA,TRUE,NA,NA,NA,NA,NA,NA,NA,NA
opSID_22376,343831,Rain,NA,NA,Rainfall,0,0,TRUE,mm,NA,TRUE,NA,NA,NA,NA,NA,NA,NA,NA
opSID_22376,1032330,Relative Humidity %,NA,NA,Humidity,0,0,TRUE,Percent,NA,TRUE,NA,NA,NA,NA,NA,NA,NA,NA
opSID_22376,1032329,Temperature °C,NA,NA,Temperature,0,0,TRUE,Degrees-Celcius,NA,TRUE,NA,NA,NA,NA,NA,NA,NA,NA
opSID_22376,1032331,Wind Speed km/hr,NA,NA,Wind-Speed,0,0,TRUE,km/hr,NA,TRUE,NA,NA,NA,NA,NA,NA,NA,NA
opSID_22376,1032338,Wind Direction,NA,NA,Wind-Direction,0,0,TRUE,Degrees,NA,TRUE,NA,NA,NA,NA,NA,NA,NA,NA
opSID_22376,386254,Soil Moisture 10 cm,NA,NA,Soil-Moisture,10,10,TRUE,Percent,NA,TRUE,NA,NA,NA,NA,NA,NA,NA,NA
opSID_22376,386255,Soil Moisture 20 cm,NA,NA,Soil-Moisture,20,20,TRUE,Percent,NA,TRUE,NA,NA,NA,NA,NA,NA,NA,NA
opSID_22376,386256,Soil Moisture 30 cm,NA,NA,Soil-Moisture,30,30,TRUE,Percent,NA,TRUE,NA,NA,NA,NA,NA,NA,NA,NA
opSID_22376,386257,Soil Moisture 40 cm,NA,NA,Soil-Moisture,40,40,TRUE,Percent,NA,TRUE,NA,NA,NA,NA,NA,NA,NA,NA
opSID_22376,386258,Soil Moisture 50 cm,NA,NA,Soil-Moisture,50,50,TRUE,Percent,NA,TRUE,NA,NA,NA,NA,NA,NA,NA,NA
opSID_22376,386259,Soil Moisture 60 cm,NA,NA,Soil-Moisture,60,60,TRUE,Percent,NA,TRUE,NA,NA,NA,NA,NA,NA,NA,NA
opSID_22376,386260,Soil Moisture 70 cm,NA,NA,Soil-Moisture,70,70,TRUE,Percent,NA,TRUE,NA,NA,NA,NA,NA,NA,NA,NA
opSID_22376,386261,Soil Moisture 80 cm,NA,NA,Soil-Moisture,80,80,TRUE,Percent,NA,TRUE,NA,NA,NA,NA,NA,NA,NA,NA
opSID_22376,386264,Salinity 10 cm,NA,NA,Salinity,10,10,TRUE,dS/cm,NA,TRUE,NA,NA,NA,NA,NA,NA,NA,NA
opSID_22376,386265,Salinity 20 cm,NA,NA,Salinity,20,20,TRUE,dS/cm,NA,TRUE,NA,NA,NA,NA,NA,NA,NA,NA
opSID_22376,386266,Salinity 30 cm,NA,NA,Salinity,30,30,TRUE,dS/cm,NA,TRUE,NA,NA,NA,NA,NA,NA,NA,NA
opSID_22376,386267,Salinity 40 cm,NA,NA,Salinity,40,40,TRUE,dS/cm,NA,TRUE,NA,NA,NA,NA,NA,NA,NA,NA
opSID_22376,386268,Salinity 50 cm,NA,NA,Salinity,50,50,TRUE,dS/cm,NA,TRUE,NA,NA,NA,NA,NA,NA,NA,NA
opSID_22376,386269,Salinity 60 cm,NA,NA,Salinity,60,60,TRUE,dS/cm,NA,TRUE,NA,NA,NA,NA,NA,NA,NA,NA
opSID_22376,386270,Salinity 70 cm,NA,NA,Salinity,70,70,TRUE,dS/cm,NA,TRUE,NA,NA,NA,NA,NA,NA,NA,NA
opSID_22376,386271,Salinity 80 cm,NA,NA,Salinity,80,80,TRUE,dS/cm,NA,TRUE,NA,NA,NA,NA,NA,NA,NA,NA
opSID_22376,386273,Temperature 10 cm,NA,NA,Temperature,10,10,TRUE,Degrees-Celcius,NA,TRUE,NA,NA,NA,NA,NA,NA,NA,NA
opSID_22376,386274,Temperature 20 cm,NA,NA,Temperature,20,20,TRUE,Degrees-Celcius,NA,TRUE,NA,NA,NA,NA,NA,NA,NA,NA
opSID_22376,386275,Temperature 30 cm,NA,NA,Temperature,30,30,TRUE,Degrees-Celcius,NA,TRUE,NA,NA,NA,NA,NA,NA,NA,NA
opSID_22376,386276,Temperature 40 cm,NA,NA,Temperature,40,40,TRUE,Degrees-Celcius,NA,TRUE,NA,NA,NA,NA,NA,NA,NA,NA
opSID_22376,386277,Temperature 50 cm,NA,NA,Temperature,50,50,TRUE,Degrees-Celcius,NA,TRUE,NA,NA,NA,NA,NA,NA,NA,NA
opSID_22376,386278,Temperature 60 cm,NA,NA,Temperature,60,60,TRUE,Degrees-Celcius,NA,TRUE,NA,NA,NA,NA,NA,NA,NA,NA
opSID_22376,386279,Temperature 70 cm,NA,NA,Temperature,70,70,TRUE,Degrees-Celcius,NA,TRUE,NA,NA,NA,NA,NA,NA,NA,NA
opSID_22376,386280,Temperature 80 cm,NA,NA,Temperature,80,80,TRUE,Degrees-Celcius,NA,TRUE,NA,NA,NA,NA,NA,NA,NA,NA
opSID_22376,386369,TBSHT01_Humidity,NA,NA,Humidity,0,0,TRUE,Percent,NA,TRUE,NA,NA,NA,NA,NA,NA,NA,NA
opSID_22376,386370,TBSHT01_Temp,NA,NA,Temperature,0,0,TRUE,Degrees-Celcius,NA,TRUE,NA,NA,NA,NA,NA,NA,NA,NA
opSID_33703,632286,EPS80F01_Temperature,NA,NA,Temperature,0,0,TRUE,Degrees-Celcius,NA,TRUE,NA,NA,NA,NA,NA,NA,NA,NA
opSID_33703,632278,Salinity 10 cm,NA,NA,Salinity,10,10,TRUE,dS/cm,NA,TRUE,NA,NA,NA,NA,NA,NA,NA,NA
opSID_33703,632279,Salinity 20 cm,NA,NA,Salinity,20,20,TRUE,dS/cm,NA,TRUE,NA,NA,NA,NA,NA,NA,NA,NA
opSID_33703,632280,Salinity 30 cm,NA,NA,Salinity,30,30,TRUE,dS/cm,NA,TRUE,NA,NA,NA,NA,NA,NA,NA,NA
opSID_33703,632281,Salinity 40 cm,NA,NA,Salinity,40,40,TRUE,dS/cm,NA,TRUE,NA,NA,NA,NA,NA,NA,NA,NA
opSID_33703,632282,Salinity 50 cm,NA,NA,Salinity,50,50,TRUE,dS/cm,NA,TRUE,NA,NA,NA,NA,NA,NA,NA,NA
opSID_33703,632283,Salinity 60 cm,NA,NA,Salinity,60,60,TRUE,dS/cm,NA,TRUE,NA,NA,NA,NA,NA,NA,NA,NA
opSID_33703,632284,Salinity 70 cm,NA,NA,Salinity,70,70,TRUE,dS/cm,NA,TRUE,NA,NA,NA,NA,NA,NA,NA,NA
opSID_33703,632285,Salinity 80 cm,NA,NA,Salinity,80,80,TRUE,dS/cm,NA,TRUE,NA,NA,NA,NA,NA,NA,NA,NA
opSID_33703,632287,Temperature 10 cm,NA,NA,Temperature,10,10,TRUE,Degrees-Celcius,NA,TRUE,NA,NA,NA,NA,NA,NA,NA,NA
opSID_33703,632288,Temperature 20 cm,NA,NA,Temperature,20,20,TRUE,Degrees-Celcius,NA,TRUE,NA,NA,NA,NA,NA,NA,NA,NA
opSID_33703,632289,Temperature 30 cm,NA,NA,Temperature,30,30,TRUE,Degrees-Celcius,NA,TRUE,NA,NA,NA,NA,NA,NA,NA,NA
opSID_33703,632290,Temperature 40 cm,NA,NA,Temperature,40,40,TRUE,Degrees-Celcius,NA,TRUE,NA,NA,NA,NA,NA,NA,NA,NA
opSID_33703,632291,Temperature 50 cm,NA,NA,Temperature,50,50,TRUE,Degrees-Celcius,NA,TRUE,NA,NA,NA,NA,NA,NA,NA,NA
opSID_33703,632260,Soil Moisture 10 cm,NA,NA,Soil-Moisture,10,10,TRUE,Percent,NA,TRUE,NA,NA,NA,NA,NA,NA,NA,NA
opSID_33703,632261,Soil Moisture 20 cm,NA,NA,Soil-Moisture,20,20,TRUE,Percent,NA,TRUE,NA,NA,NA,NA,NA,NA,NA,NA
opSID_33703,632262,Soil Moisture 30 cm,NA,NA,Soil-Moisture,30,30,TRUE,Percent,NA,TRUE,NA,NA,NA,NA,NA,NA,NA,NA
opSID_33703,632263,Soil Moisture 40 cm,NA,NA,Soil-Moisture,40,40,TRUE,Percent,NA,TRUE,NA,NA,NA,NA,NA,NA,NA,NA
opSID_33703,632264,Soil Moisture 50 cm,NA,NA,Soil-Moisture,50,50,TRUE,Percent,NA,TRUE,NA,NA,NA,NA,NA,NA,NA,NA
opSID_33703,632265,Soil Moisture 60 cm,NA,NA,Soil-Moisture,60,60,TRUE,Percent,NA,TRUE,NA,NA,NA,NA,NA,NA,NA,NA
opSID_33703,632266,Soil Moisture 70 cm,NA,NA,Soil-Moisture,70,70,TRUE,Percent,NA,TRUE,NA,NA,NA,NA,NA,NA,NA,NA
opSID_33703,632267,Soil Moisture 80 cm,NA,NA,Soil-Moisture,80,80,TRUE,Percent,NA,TRUE,NA,NA,NA,NA,NA,NA,NA,NA
opSID_33703,632292,Temperature 60 cm,NA,NA,Temperature,60,60,TRUE,Degrees-Celcius,NA,TRUE,NA,NA,NA,NA,NA,NA,NA,NA
opSID_33703,632293,Temperature 70 cm,NA,NA,Temperature,70,70,TRUE,Degrees-Celcius,NA,TRUE,NA,NA,NA,NA,NA,NA,NA,NA
opSID_33703,632294,Temperature 80 cm,NA,NA,Temperature,80,80,TRUE,Degrees-Celcius,NA,TRUE,NA,NA,NA,NA,NA,NA,NA,NA
opSID_33703,632296,TBSHT01_Humidity,NA,NA,Humidity,0,0,TRUE,Percent,NA,TRUE,NA,NA,NA,NA,NA,NA,NA,NA
opSID_33703,632297,TBSHT01_Temp,NA,NA,Temperature,0,0,TRUE,Degrees-Celcius,NA,TRUE,NA,NA,NA,NA,NA,NA,NA,NA
opSID_43114,804817,Rain mm,NA,NA,Rainfall,0,0,TRUE,mm,NA,TRUE,NA,NA,NA,NA,NA,NA,NA,NA
opSID_43114,804821,Solar Total kJ,NA,NA,Solar-Radiation,0,0,TRUE,Kilojoules,NA,TRUE,NA,NA,NA,NA,NA,NA,NA,NA
opSID_43114,804823,Wind Speed km/h Avg,NA,NA,Wind-Speed,0,0,TRUE,km/hr,NA,TRUE,NA,NA,NA,NA,NA,NA,NA,NA
opSID_43122,804924,Temp °C,NA,NA,Temperature,0,0,TRUE,Degrees-Celcius,NA,TRUE,NA,NA,NA,NA,NA,NA,NA,NA
opSID_43122,804927,Rel Humidity %,NA,NA,Humidity,0,0,TRUE,Percent,NA,TRUE,NA,NA,NA,NA,NA,NA,NA,NA
opSID_43122,804929,Wind Dir,NA,NA,Wind-Direction,0,0,TRUE,Degrees,NA,TRUE,NA,NA,NA,NA,NA,NA,NA,NA
opSID_43122,804930,Wind Speed km/h,NA,NA,Wind-Speed,0,0,TRUE,km/hr,NA,TRUE,NA,NA,NA,NA,NA,NA,NA,NA
opSID_43122,804934,Pressure hPA,NA,NA,Atmospheric-Pressure,0,0,TRUE,hPa,NA,TRUE,NA,NA,NA,NA,NA,NA,NA,NA
opSID_43122,804935,Rain mm,NA,NA,Rainfall,0,0,TRUE,mm,NA,TRUE,NA,NA,NA,NA,NA,NA,NA,NA
opSID_43124,804948,Temp °C,NA,NA,Temperature,0,0,TRUE,Degrees-Celcius,NA,TRUE,NA,NA,NA,NA,NA,NA,NA,NA
opSID_43124,804951,Rel Humidity %,NA,NA,Humidity,0,0,TRUE,Percent,NA,TRUE,NA,NA,NA,NA,NA,NA,NA,NA
opSID_43124,804953,Wind Dir,NA,NA,Wind-Direction,0,0,TRUE,Degrees,NA,TRUE,NA,NA,NA,NA,NA,NA,NA,NA
opSID_43124,804954,Wind Speed km/h,NA,NA,Wind-Speed,0,0,TRUE,km/hr,NA,TRUE,NA,NA,NA,NA,NA,NA,NA,NA
opSID_43124,804958,Pressure hPA,NA,NA,Atmospheric-Pressure,0,0,TRUE,hPa,NA,TRUE,NA,NA,NA,NA,NA,NA,NA,NA
opSID_43124,804959,Rain mm,NA,NA,Rainfall,0,0,TRUE,mm,NA,TRUE,NA,NA,NA,NA,NA,NA,NA,NA
opSID_43125,804960,Temp °C,NA,NA,Temperature,0,0,TRUE,Degrees-Celcius,NA,TRUE,NA,NA,NA,NA,NA,NA,NA,NA
opSID_43125,804963,Rel Humidity %,NA,NA,Humidity,0,0,TRUE,Percent,NA,TRUE,NA,NA,NA,NA,NA,NA,NA,NA
opSID_43125,804965,Wind Dir,NA,NA,Wind-Direction,0,0,TRUE,Degrees,NA,TRUE,NA,NA,NA,NA,NA,NA,NA,NA
opSID_43125,804966,Wind Speed km/h,NA,NA,Wind-Speed,0,0,TRUE,km/hr,NA,TRUE,NA,NA,NA,NA,NA,NA,NA,NA
opSID_43125,804970,Pressure hPA,NA,NA,Atmospheric-Pressure,0,0,TRUE,hPa,NA,TRUE,NA,NA,NA,NA,NA,NA,NA,NA
opSID_43125,804971,Rain mm,NA,NA,Rainfall,0,0,TRUE,mm,NA,TRUE,NA,NA,NA,NA,NA,NA,NA,NA
opSID_43126,804972,Temp °C,NA,NA,Temperature,0,0,TRUE,Degrees-Celcius,NA,TRUE,NA,NA,NA,NA,NA,NA,NA,NA
opSID_43126,804975,Rel Humidity %,NA,NA,Humidity,0,0,TRUE,Percent,NA,TRUE,NA,NA,NA,NA,NA,NA,NA,NA
opSID_43126,804977,Wind Dir,NA,NA,Wind-Direction,0,0,TRUE,Degrees,NA,TRUE,NA,NA,NA,NA,NA,NA,NA,NA
opSID_43126,804978,Wind Speed km/h,NA,NA,Wind-Speed,0,0,TRUE,km/hr,NA,TRUE,NA,NA,NA,NA,NA,NA,NA,NA
opSID_43126,804982,Pressure hPA,NA,NA,Atmospheric-Pressure,0,0,TRUE,hPa,NA,TRUE,NA,NA,NA,NA,NA,NA,NA,NA
opSID_43126,804983,Rain mm,NA,NA,Rainfall,0,0,TRUE,mm,NA,TRUE,NA,NA,NA,NA,NA,NA,NA,NA
opSID_43129,805002,Temp °C,NA,NA,Temperature,0,0,TRUE,Degrees-Celcius,NA,TRUE,NA,NA,NA,NA,NA,NA,NA,NA
opSID_43129,805005,Rel Humidity %,NA,NA,Humidity,0,0,TRUE,Percent,NA,TRUE,NA,NA,NA,NA,NA,NA,NA,NA
opSID_43129,805007,Wind Dir,NA,NA,Wind-Direction,0,0,TRUE,Degrees,NA,TRUE,NA,NA,NA,NA,NA,NA,NA,NA
opSID_43129,805008,Wind Speed km/h,NA,NA,Wind-Speed,0,0,TRUE,km/hr,NA,TRUE,NA,NA,NA,NA,NA,NA,NA,NA
opSID_43129,805012,Pressure hPA,NA,NA,Atmospheric-Pressure,0,0,TRUE,hPa,NA,TRUE,NA,NA,NA,NA,NA,NA,NA,NA
opSID_43129,805013,Rain mm,NA,NA,Rainfall,0,0,TRUE,mm,NA,TRUE,NA,NA,NA,NA,NA,NA,NA,NA
opSID_43130,805043,Humidity% Avg,NA,NA,Humidity,0,0,TRUE,Percent,NA,TRUE,NA,NA,NA,NA,NA,NA,NA,NA
opSID_43130,805046,Rain mm,NA,NA,Rainfall,0,0,TRUE,mm,NA,TRUE,NA,NA,NA,NA,NA,NA,NA,NA
opSID_43130,805047,Solar Total kJ,NA,NA,Solar-Radiation,0,0,TRUE,Kilojoules,NA,TRUE,NA,NA,NA,NA,NA,NA,NA,NA
opSID_43130,805048,Wind Speed km/h Avg,NA,NA,Wind-Speed,0,0,TRUE,km/hr,NA,TRUE,NA,NA,NA,NA,NA,NA,NA,NA
opSID_43131,805050,Air Temp Avg,NA,NA,Temperature,0,0,TRUE,Degrees-Celcius,NA,TRUE,NA,NA,NA,NA,NA,NA,NA,NA
opSID_43131,805056,Humidity% Avg,NA,NA,Humidity,0,0,TRUE,Percent,NA,TRUE,NA,NA,NA,NA,NA,NA,NA,NA
opSID_43131,805059,Rain mm,NA,NA,Rainfall,0,0,TRUE,mm,NA,TRUE,NA,NA,NA,NA,NA,NA,NA,NA
opSID_43131,805060,Solar Total kJ,NA,NA,Solar-Radiation,0,0,TRUE,Kilojoules,NA,TRUE,NA,NA,NA,NA,NA,NA,NA,NA
opSID_43131,807817,Wind Speed km/h Avg,NA,NA,Wind-Speed,0,0,TRUE,km/hr,NA,TRUE,NA,NA,NA,NA,NA,NA,NA,NA
opSID_43139,805154,Air Temp Avg,NA,NA,Temperature,0,0,TRUE,Degrees-Celcius,NA,TRUE,NA,NA,NA,NA,NA,NA,NA,NA
opSID_43139,805160,Humidity% Avg,NA,NA,Humidity,0,0,TRUE,Percent,NA,TRUE,NA,NA,NA,NA,NA,NA,NA,NA
opSID_43139,805162,Rain mm,NA,NA,Rainfall,0,0,TRUE,mm,NA,TRUE,NA,NA,NA,NA,NA,NA,NA,NA
opSID_43139,805163,Solar Total kJ,NA,NA,Solar-Radiation,0,0,TRUE,Kilojoules,NA,TRUE,NA,NA,NA,NA,NA,NA,NA,NA
opSID_43139,805164,Wind Speed km/h Avg,NA,NA,Wind-Speed,0,0,TRUE,km/hr,NA,TRUE,NA,NA,NA,NA,NA,NA,NA,NA
opSID_43142,805201,Air Temp Avg,NA,NA,Temperature,0,0,TRUE,Degrees-Celcius,NA,TRUE,NA,NA,NA,NA,NA,NA,NA,NA
opSID_43142,805207,Humidity% Avg,NA,NA,Humidity,0,0,TRUE,Percent,NA,TRUE,NA,NA,NA,NA,NA,NA,NA,NA
opSID_43142,805210,Rain mm,NA,NA,Rainfall,0,0,TRUE,mm,NA,TRUE,NA,NA,NA,NA,NA,NA,NA,NA
opSID_43142,805211,Solar Total kJ,NA,NA,Solar-Radiation,0,0,TRUE,Kilojoules,NA,TRUE,NA,NA,NA,NA,NA,NA,NA,NA
opSID_43142,807819,Wind Speed km/h Avg,NA,NA,Wind-Speed,0,0,TRUE,km/hr,NA,TRUE,NA,NA,NA,NA,NA,NA,NA,NA
opSID_53451,981555,Rain,NA,NA,Rainfall,0,0,TRUE,mm,NA,TRUE,NA,NA,NA,NA,NA,NA,NA,NA
opSID_53451,985200,Temperature,NA,NA,Temperature,0,0,TRUE,Degrees-Celcius,NA,TRUE,NA,NA,NA,NA,NA,NA,NA,NA
opSID_53451,985174,Soil Moisture 10 cm,NA,NA,Soil-Moisture,10,10,TRUE,Percent,NA,TRUE,NA,NA,NA,NA,NA,NA,NA,NA
opSID_53451,985175,Soil Moisture 20 cm,NA,NA,Soil-Moisture,20,20,TRUE,Percent,NA,TRUE,NA,NA,NA,NA,NA,NA,NA,NA
opSID_53451,985176,Soil Moisture 30 cm,NA,NA,Soil-Moisture,30,30,TRUE,Percent,NA,TRUE,NA,NA,NA,NA,NA,NA,NA,NA
opSID_53451,985177,Soil Moisture 40 cm,NA,NA,Soil-Moisture,40,40,TRUE,Percent,NA,TRUE,NA,NA,NA,NA,NA,NA,NA,NA
opSID_53451,985178,Soil Moisture 50 cm,NA,NA,Soil-Moisture,50,50,TRUE,Percent,NA,TRUE,NA,NA,NA,NA,NA,NA,NA,NA
opSID_53451,985179,Soil Moisture 60 cm,NA,NA,Soil-Moisture,60,60,TRUE,Percent,NA,TRUE,NA,NA,NA,NA,NA,NA,NA,NA
opSID_53451,985180,Soil Moisture 70 cm,NA,NA,Soil-Moisture,70,70,TRUE,Percent,NA,TRUE,NA,NA,NA,NA,NA,NA,NA,NA
opSID_53451,985181,Soil Moisture 80 cm,NA,NA,Soil-Moisture,80,80,TRUE,Percent,NA,TRUE,NA,NA,NA,NA,NA,NA,NA,NA
opSID_53451,985192,Salinity 10 cm,NA,NA,Salinity,10,10,TRUE,dS/cm,NA,TRUE,NA,NA,NA,NA,NA,NA,NA,NA
opSID_53451,985193,Salinity 20 cm,NA,NA,Salinity,20,20,TRUE,dS/cm,NA,TRUE,NA,NA,NA,NA,NA,NA,NA,NA
opSID_53451,985194,Salinity 30 cm,NA,NA,Salinity,30,30,TRUE,dS/cm,NA,TRUE,NA,NA,NA,NA,NA,NA,NA,NA
opSID_53451,985195,Salinity 40 cm,NA,NA,Salinity,40,40,TRUE,dS/cm,NA,TRUE,NA,NA,NA,NA,NA,NA,NA,NA
opSID_53451,985196,Salinity 50 cm,NA,NA,Salinity,50,50,TRUE,dS/cm,NA,TRUE,NA,NA,NA,NA,NA,NA,NA,NA
opSID_53451,985197,Salinity 60 cm,NA,NA,Salinity,60,60,TRUE,dS/cm,NA,TRUE,NA,NA,NA,NA,NA,NA,NA,NA
opSID_53451,985198,Salinity 70 cm,NA,NA,Salinity,70,70,TRUE,dS/cm,NA,TRUE,NA,NA,NA,NA,NA,NA,NA,NA
opSID_53451,985199,Salinity 80 cm,NA,NA,Salinity,80,80,TRUE,dS/cm,NA,TRUE,NA,NA,NA,NA,NA,NA,NA,NA
opSID_53451,985201,Temperature 10 cm,NA,NA,Temperature,10,10,TRUE,Degrees-Celcius,NA,TRUE,NA,NA,NA,NA,NA,NA,NA,NA
opSID_53451,985202,Temperature 20 cm,NA,NA,Temperature,20,20,TRUE,Degrees-Celcius,NA,TRUE,NA,NA,NA,NA,NA,NA,NA,NA
opSID_53451,985203,Temperature 30 cm,NA,NA,Temperature,30,30,TRUE,Degrees-Celcius,NA,TRUE,NA,NA,NA,NA,NA,NA,NA,NA
opSID_53451,985204,Temperature 40 cm,NA,NA,Temperature,40,40,TRUE,Degrees-Celcius,NA,TRUE,NA,NA,NA,NA,NA,NA,NA,NA
opSID_53451,985205,Temperature 50 cm,NA,NA,Temperature,50,50,TRUE,Degrees-Celcius,NA,TRUE,NA,NA,NA,NA,NA,NA,NA,NA
opSID_53451,985206,Temperature 60 cm,NA,NA,Temperature,60,60,TRUE,Degrees-Celcius,NA,TRUE,NA,NA,NA,NA,NA,NA,NA,NA
opSID_53451,985207,Temperature 70 cm,NA,NA,Temperature,70,70,TRUE,Degrees-Celcius,NA,TRUE,NA,NA,NA,NA,NA,NA,NA,NA
opSID_53451,985208,Temperature 80 cm,NA,NA,Temperature,80,80,TRUE,Degrees-Celcius,NA,TRUE,NA,NA,NA,NA,NA,NA,NA,NA
opSID_53451,985210,TBSHT01_Humidity,NA,NA,Humidity,0,0,TRUE,Percent,NA,TRUE,NA,NA,NA,NA,NA,NA,NA,NA
opSID_53451,985211,TBSHT01_Temp,NA,NA,Temperature,0,0,TRUE,Degrees-Celcius,NA,TRUE,NA,NA,NA,NA,NA,NA,NA,NA
opSID_53451,1000116,Wind Speed,NA,NA,Wind-Speed,0,0,TRUE,km/h,NA,TRUE,NA,NA,NA,NA,NA,NA,NA,NA
opSID_53451,1004202,Wind Direction,NA,NA,Wind-Direction,0,0,TRUE,Degrees,NA,TRUE,NA,NA,NA,NA,NA,NA,NA,NA
opSID_53451,1631910,20-30cm PAW,NA,NA,PAW,20,30,TRUE,mm,NA,TRUE,NA,NA,NA,NA,NA,NA,NA,NA
opSID_53451,1631911,30-40cm PAW,NA,NA,PAW,30,40,TRUE,mm,NA,TRUE,NA,NA,NA,NA,NA,NA,NA,NA
opSID_53451,1631912,40-50cm PAW,NA,NA,PAW,40,50,TRUE,mm,NA,TRUE,NA,NA,NA,NA,NA,NA,NA,NA
opSID_53451,1631913,50-60cm PAW,NA,NA,PAW,50,60,TRUE,mm,NA,TRUE,NA,NA,NA,NA,NA,NA,NA,NA
opSID_53451,1631914,60-70cm PAW,NA,NA,PAW,60,70,TRUE,mm,NA,TRUE,NA,NA,NA,NA,NA,NA,NA,NA
opSID_53451,1631915,70-80cm PAW,NA,NA,PAW,70,80,TRUE,mm,NA,TRUE,NA,NA,NA,NA,NA,NA,NA,NA
opSID_53451,1631916,80-90cm PAW,NA,NA,PAW,80,90,TRUE,mm,NA,TRUE,NA,NA,NA,NA,NA,NA,NA,NA
opSID_53451,1631917,90-100cm PAW,NA,NA,PAW,90,100,TRUE,mm,NA,TRUE,NA,NA,NA,NA,NA,NA,NA,NA
opSID_53459,981869,Rain,NA,NA,Rainfall,0,0,TRUE,mm,NA,TRUE,NA,NA,NA,NA,NA,NA,NA,NA
opSID_53459,984957,Temperature,NA,NA,Temperature,0,0,TRUE,Degrees-Celcius,NA,TRUE,NA,NA,NA,NA,NA,NA,NA,NA
opSID_53459,984931,Soil Moisture 10 cm,NA,NA,Soil-Moisture,10,10,TRUE,Percent,NA,TRUE,NA,NA,NA,NA,NA,NA,NA,NA
opSID_53459,984932,Soil Moisture 20 cm,NA,NA,Soil-Moisture,20,20,TRUE,Percent,NA,TRUE,NA,NA,NA,NA,NA,NA,NA,NA
opSID_53459,984933,Soil Moisture 30 cm,NA,NA,Soil-Moisture,30,30,TRUE,Percent,NA,TRUE,NA,NA,NA,NA,NA,NA,NA,NA
opSID_53459,984934,Soil Moisture 40 cm,NA,NA,Soil-Moisture,40,40,TRUE,Percent,NA,TRUE,NA,NA,NA,NA,NA,NA,NA,NA
opSID_53459,984935,Soil Moisture 50 cm,NA,NA,Soil-Moisture,50,50,TRUE,Percent,NA,TRUE,NA,NA,NA,NA,NA,NA,NA,NA
opSID_53459,984936,Soil Moisture 60 cm,NA,NA,Soil-Moisture,60,60,TRUE,Percent,NA,TRUE,NA,NA,NA,NA,NA,NA,NA,NA
opSID_53459,984937,Soil Moisture 70 cm,NA,NA,Soil-Moisture,70,70,TRUE,Percent,NA,TRUE,NA,NA,NA,NA,NA,NA,NA,NA
opSID_53459,984938,Soil Moisture 80 cm,NA,NA,Soil-Moisture,80,80,TRUE,Percent,NA,TRUE,NA,NA,NA,NA,NA,NA,NA,NA
opSID_53459,984949,Salinity 10 cm,NA,NA,Salinity,10,10,TRUE,dS/cm,NA,TRUE,NA,NA,NA,NA,NA,NA,NA,NA
opSID_53459,984950,Salinity 20 cm,NA,NA,Salinity,20,20,TRUE,dS/cm,NA,TRUE,NA,NA,NA,NA,NA,NA,NA,NA
opSID_53459,984951,Salinity 30 cm,NA,NA,Salinity,30,30,TRUE,dS/cm,NA,TRUE,NA,NA,NA,NA,NA,NA,NA,NA
opSID_53459,984952,Salinity 40 cm,NA,NA,Salinity,40,40,TRUE,dS/cm,NA,TRUE,NA,NA,NA,NA,NA,NA,NA,NA
opSID_53459,984953,Salinity 50 cm,NA,NA,Salinity,50,50,TRUE,dS/cm,NA,TRUE,NA,NA,NA,NA,NA,NA,NA,NA
opSID_53459,984954,Salinity 60 cm,NA,NA,Salinity,60,60,TRUE,dS/cm,NA,TRUE,NA,NA,NA,NA,NA,NA,NA,NA
opSID_53459,984955,Salinity 70 cm,NA,NA,Salinity,70,70,TRUE,dS/cm,NA,TRUE,NA,NA,NA,NA,NA,NA,NA,NA
opSID_53459,984956,Salinity 80 cm,NA,NA,Salinity,80,80,TRUE,dS/cm,NA,TRUE,NA,NA,NA,NA,NA,NA,NA,NA
opSID_53459,984958,Temperature 10 cm,NA,NA,Temperature,10,10,TRUE,Degrees-Celcius,NA,TRUE,NA,NA,NA,NA,NA,NA,NA,NA
opSID_53459,984959,Temperature 20 cm,NA,NA,Temperature,20,20,TRUE,Degrees-Celcius,NA,TRUE,NA,NA,NA,NA,NA,NA,NA,NA
opSID_53459,984960,Temperature 30 cm,NA,NA,Temperature,30,30,TRUE,Degrees-Celcius,NA,TRUE,NA,NA,NA,NA,NA,NA,NA,NA
opSID_53459,984961,Temperature 40 cm,NA,NA,Temperature,40,40,TRUE,Degrees-Celcius,NA,TRUE,NA,NA,NA,NA,NA,NA,NA,NA
opSID_53459,984962,Temperature 50 cm,NA,NA,Temperature,50,50,TRUE,Degrees-Celcius,NA,TRUE,NA,NA,NA,NA,NA,NA,NA,NA
opSID_53459,984963,Temperature 60 cm,NA,NA,Temperature,60,60,TRUE,Degrees-Celcius,NA,TRUE,NA,NA,NA,NA,NA,NA,NA,NA
opSID_53459,984964,Temperature 70 cm,NA,NA,Temperature,70,70,TRUE,Degrees-Celcius,NA,TRUE,NA,NA,NA,NA,NA,NA,NA,NA
opSID_53459,984965,Temperature 80 cm,NA,NA,Temperature,80,80,TRUE,Degrees-Celcius,NA,TRUE,NA,NA,NA,NA,NA,NA,NA,NA
opSID_53459,985156,TBSHT01_Humidity,NA,NA,Humidity,0,0,TRUE,Percent,NA,TRUE,NA,NA,NA,NA,NA,NA,NA,NA
opSID_53459,985157,TBSHT01_Temp,NA,NA,Temperature,0,0,TRUE,Degrees-Celcius,NA,TRUE,NA,NA,NA,NA,NA,NA,NA,NA
opSID_53462,984921,Temperature,NA,NA,Temperature,0,0,TRUE,Degrees-Celcius,NA,TRUE,NA,NA,NA,NA,NA,NA,NA,NA
opSID_53462,984913,Salinity 10 cm,NA,NA,Salinity,10,10,TRUE,dS/cm,NA,TRUE,NA,NA,NA,NA,NA,NA,NA,NA
opSID_53462,984914,Salinity 20 cm,NA,NA,Salinity,20,20,TRUE,dS/cm,NA,TRUE,NA,NA,NA,NA,NA,NA,NA,NA
opSID_53462,984915,Salinity 30 cm,NA,NA,Salinity,30,30,TRUE,dS/cm,NA,TRUE,NA,NA,NA,NA,NA,NA,NA,NA
opSID_53462,984916,Salinity 40 cm,NA,NA,Salinity,40,40,TRUE,dS/cm,NA,TRUE,NA,NA,NA,NA,NA,NA,NA,NA
opSID_53462,984917,Salinity 50 cm,NA,NA,Salinity,50,50,TRUE,dS/cm,NA,TRUE,NA,NA,NA,NA,NA,NA,NA,NA
opSID_53462,984918,Salinity 60 cm,NA,NA,Salinity,60,60,TRUE,dS/cm,NA,TRUE,NA,NA,NA,NA,NA,NA,NA,NA
opSID_53462,984895,Soil Moisture 10 cm,NA,NA,Soil-Moisture,10,10,TRUE,Percent,NA,TRUE,NA,NA,NA,NA,NA,NA,NA,NA
opSID_53462,984896,Soil Moisture 20 cm,NA,NA,Soil-Moisture,20,20,TRUE,Percent,NA,TRUE,NA,NA,NA,NA,NA,NA,NA,NA
opSID_53462,984897,Soil Moisture 30 cm,NA,NA,Soil-Moisture,30,30,TRUE,Percent,NA,TRUE,NA,NA,NA,NA,NA,NA,NA,NA
opSID_53462,984898,Soil Moisture 40 cm,NA,NA,Soil-Moisture,40,40,TRUE,Percent,NA,TRUE,NA,NA,NA,NA,NA,NA,NA,NA
opSID_53462,984899,Soil Moisture 50 cm,NA,NA,Soil-Moisture,50,50,TRUE,Percent,NA,TRUE,NA,NA,NA,NA,NA,NA,NA,NA
opSID_53462,984900,Soil Moisture 60 cm,NA,NA,Soil-Moisture,60,60,TRUE,Percent,NA,TRUE,NA,NA,NA,NA,NA,NA,NA,NA
opSID_53462,984901,Soil Moisture 70 cm,NA,NA,Soil-Moisture,70,70,TRUE,Percent,NA,TRUE,NA,NA,NA,NA,NA,NA,NA,NA
opSID_53462,984902,Soil Moisture 80 cm,NA,NA,Soil-Moisture,80,80,TRUE,Percent,NA,TRUE,NA,NA,NA,NA,NA,NA,NA,NA
opSID_53462,984919,Salinity 70 cm,NA,NA,Salinity,70,70,TRUE,dS/cm,NA,TRUE,NA,NA,NA,NA,NA,NA,NA,NA
opSID_53462,984920,Salinity 80 cm,NA,NA,Salinity,80,80,TRUE,dS/cm,NA,TRUE,NA,NA,NA,NA,NA,NA,NA,NA
opSID_53462,984922,Temperature 10 cm,NA,NA,Temperature,10,10,TRUE,Degrees-Celcius,NA,TRUE,NA,NA,NA,NA,NA,NA,NA,NA
opSID_53462,984923,Temperature 20 cm,NA,NA,Temperature,20,20,TRUE,Degrees-Celcius,NA,TRUE,NA,NA,NA,NA,NA,NA,NA,NA
opSID_53462,984924,Temperature 30 cm,NA,NA,Temperature,30,30,TRUE,Degrees-Celcius,NA,TRUE,NA,NA,NA,NA,NA,NA,NA,NA
opSID_53462,984925,Temperature 40 cm,NA,NA,Temperature,40,40,TRUE,Degrees-Celcius,NA,TRUE,NA,NA,NA,NA,NA,NA,NA,NA
opSID_53462,984926,Temperature 50 cm,NA,NA,Temperature,50,50,TRUE,Degrees-Celcius,NA,TRUE,NA,NA,NA,NA,NA,NA,NA,NA
opSID_53462,984927,Temperature 60 cm,NA,NA,Temperature,60,60,TRUE,Degrees-Celcius,NA,TRUE,NA,NA,NA,NA,NA,NA,NA,NA
opSID_53462,984928,Temperature 70 cm,NA,NA,Temperature,70,70,TRUE,Degrees-Celcius,NA,TRUE,NA,NA,NA,NA,NA,NA,NA,NA
opSID_53462,984929,Temperature 80 cm,NA,NA,Temperature,80,80,TRUE,Degrees-Celcius,NA,TRUE,NA,NA,NA,NA,NA,NA,NA,NA
opSID_53462,985153,TBSHT01_Humidity,NA,NA,Humidity,0,0,TRUE,Percent,NA,TRUE,NA,NA,NA,NA,NA,NA,NA,NA
opSID_53462,985154,TBSHT01_Temp,NA,NA,Temperature,0,0,TRUE,Degrees-Celcius,NA,TRUE,NA,NA,NA,NA,NA,NA,NA,NA
opSID_53463,985065,Temperature,NA,NA,Temperature,0,0,TRUE,Degrees-Celcius,NA,TRUE,NA,NA,NA,NA,NA,NA,NA,NA
opSID_53463,985039,Soil Moisture 10 cm,NA,NA,Soil-Moisture,10,10,TRUE,Percent,NA,TRUE,NA,NA,NA,NA,NA,NA,NA,NA
opSID_53463,985040,Soil Moisture 20 cm,NA,NA,Soil-Moisture,20,20,TRUE,Percent,NA,TRUE,NA,NA,NA,NA,NA,NA,NA,NA
opSID_53463,985041,Soil Moisture 30 cm,NA,NA,Soil-Moisture,30,30,TRUE,Percent,NA,TRUE,NA,NA,NA,NA,NA,NA,NA,NA
opSID_53463,985042,Soil Moisture 40 cm,NA,NA,Soil-Moisture,40,40,TRUE,Percent,NA,TRUE,NA,NA,NA,NA,NA,NA,NA,NA
opSID_53463,985043,Soil Moisture 50 cm,NA,NA,Soil-Moisture,50,50,TRUE,Percent,NA,TRUE,NA,NA,NA,NA,NA,NA,NA,NA
opSID_53463,985044,Soil Moisture 60 cm,NA,NA,Soil-Moisture,60,60,TRUE,Percent,NA,TRUE,NA,NA,NA,NA,NA,NA,NA,NA
opSID_53463,985045,Soil Moisture 70 cm,NA,NA,Soil-Moisture,70,70,TRUE,Percent,NA,TRUE,NA,NA,NA,NA,NA,NA,NA,NA
opSID_53463,985046,Soil Moisture 80 cm,NA,NA,Soil-Moisture,80,80,TRUE,Percent,NA,TRUE,NA,NA,NA,NA,NA,NA,NA,NA
opSID_53463,985057,Salinity 10 cm,NA,NA,Salinity,10,10,TRUE,dS/cm,NA,TRUE,NA,NA,NA,NA,NA,NA,NA,NA
opSID_53463,985058,Salinity 20 cm,NA,NA,Salinity,20,20,TRUE,dS/cm,NA,TRUE,NA,NA,NA,NA,NA,NA,NA,NA
opSID_53463,985059,Salinity 30 cm,NA,NA,Salinity,30,30,TRUE,dS/cm,NA,TRUE,NA,NA,NA,NA,NA,NA,NA,NA
opSID_53463,985060,Salinity 40 cm,NA,NA,Salinity,40,40,TRUE,dS/cm,NA,TRUE,NA,NA,NA,NA,NA,NA,NA,NA
opSID_53463,985061,Salinity 50 cm,NA,NA,Salinity,50,50,TRUE,dS/cm,NA,TRUE,NA,NA,NA,NA,NA,NA,NA,NA
opSID_53463,985062,Salinity 60 cm,NA,NA,Salinity,60,60,TRUE,dS/cm,NA,TRUE,NA,NA,NA,NA,NA,NA,NA,NA
opSID_53463,985063,Salinity 70 cm,NA,NA,Salinity,70,70,TRUE,dS/cm,NA,TRUE,NA,NA,NA,NA,NA,NA,NA,NA
opSID_53463,985064,Salinity 80 cm,NA,NA,Salinity,80,80,TRUE,dS/cm,NA,TRUE,NA,NA,NA,NA,NA,NA,NA,NA
opSID_53463,985066,Temperature 10 cm,NA,NA,Temperature,10,10,TRUE,Degrees-Celcius,NA,TRUE,NA,NA,NA,NA,NA,NA,NA,NA
opSID_53463,985067,Temperature 20 cm,NA,NA,Temperature,20,20,TRUE,Degrees-Celcius,NA,TRUE,NA,NA,NA,NA,NA,NA,NA,NA
opSID_53463,985068,Temperature 30 cm,NA,NA,Temperature,30,30,TRUE,Degrees-Celcius,NA,TRUE,NA,NA,NA,NA,NA,NA,NA,NA
opSID_53463,985069,Temperature 40 cm,NA,NA,Temperature,40,40,TRUE,Degrees-Celcius,NA,TRUE,NA,NA,NA,NA,NA,NA,NA,NA
opSID_53463,985070,Temperature 50 cm,NA,NA,Temperature,50,50,TRUE,Degrees-Celcius,NA,TRUE,NA,NA,NA,NA,NA,NA,NA,NA
opSID_53463,985071,Temperature 60 cm,NA,NA,Temperature,60,60,TRUE,Degrees-Celcius,NA,TRUE,NA,NA,NA,NA,NA,NA,NA,NA
opSID_53463,985072,Temperature 70 cm,NA,NA,Temperature,70,70,TRUE,Degrees-Celcius,NA,TRUE,NA,NA,NA,NA,NA,NA,NA,NA
opSID_53463,985073,Temperature 80 cm,NA,NA,Temperature,80,80,TRUE,Degrees-Celcius,NA,TRUE,NA,NA,NA,NA,NA,NA,NA,NA
opSID_53463,985165,TBSHT01_Humidity,NA,NA,Humidity,0,0,TRUE,Percent,NA,TRUE,NA,NA,NA,NA,NA,NA,NA,NA
opSID_53463,985166,TBSHT01_Temp,NA,NA,Temperature,0,0,TRUE,Degrees-Celcius,NA,TRUE,NA,NA,NA,NA,NA,NA,NA,NA
opSID_53464,985103,Temperature,NA,NA,Temperature,0,0,TRUE,Degrees-Celcius,NA,TRUE,NA,NA,NA,NA,NA,NA,NA,NA
opSID_53464,985077,Soil Moisture 10 cm,NA,NA,Soil-Moisture,10,10,TRUE,Percent,NA,TRUE,NA,NA,NA,NA,NA,NA,NA,NA
opSID_53464,985078,Soil Moisture 20 cm,NA,NA,Soil-Moisture,20,20,TRUE,Percent,NA,TRUE,NA,NA,NA,NA,NA,NA,NA,NA
opSID_53464,985079,Soil Moisture 30 cm,NA,NA,Soil-Moisture,30,30,TRUE,Percent,NA,TRUE,NA,NA,NA,NA,NA,NA,NA,NA
opSID_53464,985080,Soil Moisture 40 cm,NA,NA,Soil-Moisture,40,40,TRUE,Percent,NA,TRUE,NA,NA,NA,NA,NA,NA,NA,NA
opSID_53464,985081,Soil Moisture 50 cm,NA,NA,Soil-Moisture,50,50,TRUE,Percent,NA,TRUE,NA,NA,NA,NA,NA,NA,NA,NA
opSID_53464,985082,Soil Moisture 60 cm,NA,NA,Soil-Moisture,60,60,TRUE,Percent,NA,TRUE,NA,NA,NA,NA,NA,NA,NA,NA
opSID_53464,985083,Soil Moisture 70 cm,NA,NA,Soil-Moisture,70,70,TRUE,Percent,NA,TRUE,NA,NA,NA,NA,NA,NA,NA,NA
opSID_53464,985084,Soil Moisture 80 cm,NA,NA,Soil-Moisture,80,80,TRUE,Percent,NA,TRUE,NA,NA,NA,NA,NA,NA,NA,NA
opSID_53464,985095,Salinity 10 cm,NA,NA,Salinity,10,10,TRUE,dS/cm,NA,TRUE,NA,NA,NA,NA,NA,NA,NA,NA
opSID_53464,985096,Salinity 20 cm,NA,NA,Salinity,20,20,TRUE,dS/cm,NA,TRUE,NA,NA,NA,NA,NA,NA,NA,NA
opSID_53464,985097,Salinity 30 cm,NA,NA,Salinity,30,30,TRUE,dS/cm,NA,TRUE,NA,NA,NA,NA,NA,NA,NA,NA
opSID_53464,985098,Salinity 40 cm,NA,NA,Salinity,40,40,TRUE,dS/cm,NA,TRUE,NA,NA,NA,NA,NA,NA,NA,NA
opSID_53464,985099,Salinity 50 cm,NA,NA,Salinity,50,50,TRUE,dS/cm,NA,TRUE,NA,NA,NA,NA,NA,NA,NA,NA
opSID_53464,985100,Salinity 60 cm,NA,NA,Salinity,60,60,TRUE,dS/cm,NA,TRUE,NA,NA,NA,NA,NA,NA,NA,NA
opSID_53464,985101,Salinity 70 cm,NA,NA,Salinity,70,70,TRUE,dS/cm,NA,TRUE,NA,NA,NA,NA,NA,NA,NA,NA
opSID_53464,985102,Salinity 80 cm,NA,NA,Salinity,80,80,TRUE,dS/cm,NA,TRUE,NA,NA,NA,NA,NA,NA,NA,NA
opSID_53464,985104,Temperature 10 cm,NA,NA,Temperature,10,10,TRUE,Degrees-Celcius,NA,TRUE,NA,NA,NA,NA,NA,NA,NA,NA
opSID_53464,985105,Temperature 20 cm,NA,NA,Temperature,20,20,TRUE,Degrees-Celcius,NA,TRUE,NA,NA,NA,NA,NA,NA,NA,NA
opSID_53464,985106,Temperature 30 cm,NA,NA,Temperature,30,30,TRUE,Degrees-Celcius,NA,TRUE,NA,NA,NA,NA,NA,NA,NA,NA
opSID_53464,985107,Temperature 40 cm,NA,NA,Temperature,40,40,TRUE,Degrees-Celcius,NA,TRUE,NA,NA,NA,NA,NA,NA,NA,NA
opSID_53464,985108,Temperature 50 cm,NA,NA,Temperature,50,50,TRUE,Degrees-Celcius,NA,TRUE,NA,NA,NA,NA,NA,NA,NA,NA
opSID_53464,985109,Temperature 60 cm,NA,NA,Temperature,60,60,TRUE,Degrees-Celcius,NA,TRUE,NA,NA,NA,NA,NA,NA,NA,NA
opSID_53464,985110,Temperature 70 cm,NA,NA,Temperature,70,70,TRUE,Degrees-Celcius,NA,TRUE,NA,NA,NA,NA,NA,NA,NA,NA
opSID_53464,985111,Temperature 80 cm,NA,NA,Temperature,80,80,TRUE,Degrees-Celcius,NA,TRUE,NA,NA,NA,NA,NA,NA,NA,NA
opSID_53465,985139,Temperature,NA,NA,Temperature,0,0,TRUE,Degrees-Celcius,NA,TRUE,NA,NA,NA,NA,NA,NA,NA,NA
opSID_53465,985113,Soil Moisture 10 cm,NA,NA,Soil-Moisture,10,10,TRUE,Percent,NA,TRUE,NA,NA,NA,NA,NA,NA,NA,NA
opSID_53465,985114,Soil Moisture 20 cm,NA,NA,Soil-Moisture,20,20,TRUE,Percent,NA,TRUE,NA,NA,NA,NA,NA,NA,NA,NA
opSID_53465,985115,Soil Moisture 30 cm,NA,NA,Soil-Moisture,30,30,TRUE,Percent,NA,TRUE,NA,NA,NA,NA,NA,NA,NA,NA
opSID_53465,985116,Soil Moisture 40 cm,NA,NA,Soil-Moisture,40,40,TRUE,Percent,NA,TRUE,NA,NA,NA,NA,NA,NA,NA,NA
opSID_53465,985117,Soil Moisture 50 cm,NA,NA,Soil-Moisture,50,50,TRUE,Percent,NA,TRUE,NA,NA,NA,NA,NA,NA,NA,NA
opSID_53465,985118,Soil Moisture 60 cm,NA,NA,Soil-Moisture,60,60,TRUE,Percent,NA,TRUE,NA,NA,NA,NA,NA,NA,NA,NA
opSID_53465,985119,Soil Moisture 70 cm,NA,NA,Soil-Moisture,70,70,TRUE,Percent,NA,TRUE,NA,NA,NA,NA,NA,NA,NA,NA
opSID_53465,985120,Soil Moisture 80 cm,NA,NA,Soil-Moisture,80,80,TRUE,Percent,NA,TRUE,NA,NA,NA,NA,NA,NA,NA,NA
opSID_53465,985131,Salinity 10 cm,NA,NA,Salinity,10,10,TRUE,dS/cm,NA,TRUE,NA,NA,NA,NA,NA,NA,NA,NA
opSID_53465,985132,Salinity 20 cm,NA,NA,Salinity,20,20,TRUE,dS/cm,NA,TRUE,NA,NA,NA,NA,NA,NA,NA,NA
opSID_53465,985133,Salinity 30 cm,NA,NA,Salinity,30,30,TRUE,dS/cm,NA,TRUE,NA,NA,NA,NA,NA,NA,NA,NA
opSID_53465,985134,Salinity 40 cm,NA,NA,Salinity,40,40,TRUE,dS/cm,NA,TRUE,NA,NA,NA,NA,NA,NA,NA,NA
opSID_53465,985135,Salinity 50 cm,NA,NA,Salinity,50,50,TRUE,dS/cm,NA,TRUE,NA,NA,NA,NA,NA,NA,NA,NA
opSID_53465,985136,Salinity 60 cm,NA,NA,Salinity,60,60,TRUE,dS/cm,NA,TRUE,NA,NA,NA,NA,NA,NA,NA,NA
opSID_53465,985137,Salinity 70 cm,NA,NA,Salinity,70,70,TRUE,dS/cm,NA,TRUE,NA,NA,NA,NA,NA,NA,NA,NA
opSID_53465,985138,Salinity 80 cm,NA,NA,Salinity,80,80,TRUE,dS/cm,NA,TRUE,NA,NA,NA,NA,NA,NA,NA,NA
opSID_53465,985140,Temperature 10 cm,NA,NA,Temperature,10,10,TRUE,Degrees-Celcius,NA,TRUE,NA,NA,NA,NA,NA,NA,NA,NA
opSID_53465,985141,Temperature 20 cm,NA,NA,Temperature,20,20,TRUE,Degrees-Celcius,NA,TRUE,NA,NA,NA,NA,NA,NA,NA,NA
opSID_53465,985142,Temperature 30 cm,NA,NA,Temperature,30,30,TRUE,Degrees-Celcius,NA,TRUE,NA,NA,NA,NA,NA,NA,NA,NA
opSID_53465,985143,Temperature 40 cm,NA,NA,Temperature,40,40,TRUE,Degrees-Celcius,NA,TRUE,NA,NA,NA,NA,NA,NA,NA,NA
opSID_53465,985144,Temperature 50 cm,NA,NA,Temperature,50,50,TRUE,Degrees-Celcius,NA,TRUE,NA,NA,NA,NA,NA,NA,NA,NA
opSID_53465,985145,Temperature 60 cm,NA,NA,Temperature,60,60,TRUE,Degrees-Celcius,NA,TRUE,NA,NA,NA,NA,NA,NA,NA,NA
opSID_53465,985146,Temperature 70 cm,NA,NA,Temperature,70,70,TRUE,Degrees-Celcius,NA,TRUE,NA,NA,NA,NA,NA,NA,NA,NA
opSID_53465,985147,Temperature 80 cm,NA,NA,Temperature,80,80,TRUE,Degrees-Celcius,NA,TRUE,NA,NA,NA,NA,NA,NA,NA,NA
opSID_53465,985171,TBSHT01_Humidity,NA,NA,Humidity,0,0,TRUE,Percent,NA,TRUE,NA,NA,NA,NA,NA,NA,NA,NA
opSID_53465,985172,TBSHT01_Temp,NA,NA,Temperature,0,0,TRUE,Degrees-Celcius,NA,TRUE,NA,NA,NA,NA,NA,NA,NA,NA
